name,booth
ELENCO ESPOSITORI,LIST OF EXHIBITORS
42^ MILANO UNICA,TBD
Primavera/Estate,Spring/Summer 2027
"20, 21, 22 gennaio/January 2026",TBD
Ordine alfabetico / Alphabetical order,TBD
Focus: Ideabiella - Shirt Avenue - Moda In,TBD
Aree Espositive / Exhibition Areas,TBD
Ideabiella - Shirt Avenue - Moda In Accessories,TBD
Moda In Fabrics Cotton Woolly - Moda In Fabrics Knit,TBD
Moda In Fabrics Lace&Embroidery - Moda In Fabrics Silky Print,TBD
Moda In Fabrics Tecno - Japan Observatory - Korea Observatory,TBD
Innovation Area - MarediModa - Startup Textile Connection,TBD
MU Designers - MU Vintage - MU Info & Style,TBD
MU Trade Press - MU Special Contents,TBD
milanounica.it,TBD
LIST OF EXHIBITORS,TBD
HALL STAND,TBD
18 STORE Moda In Fabrics 16 B50,TBD
3C COMPANY Moda In Fabrics 16 A19,TBD
6DIAS TÊXTEIS INTERNACIONAIS Moda In Fabrics 16 A50,TBD
A.C.M. Moda In Accessories 8 A15 A17,TBD
ACHILLE PINTO Moda In Fabrics 12 C21 C23 C25 C27 C29,TBD
NASTRIFICIO ACHILLE VALERA LISSONI Moda In Accessories 8 C16 C18,TBD
AEFFE Moda In Accessories 8 B21,TBD
AGM Moda In Fabrics 16 A48,TBD
AIRILY Moda In Accessories 8 A13,TBD
ALA CAMPOLMI Moda In Fabrics 16 F36,TBD
ALBANO ANTONIO Moda In Accessories 8 A29,TBD
ALBANO MORGADO Moda In Fabrics 16 A32,TBD
NASTRIFICIO ALBERT BONATI Moda In Accessories 8 A27,TBD
ALBERT GUEGAIN BRODERIES Moda In Fabrics 12 E17,TBD
ALBERTO BARDAZZI Moda In Fabrics 16 D18 D20,TBD
ALBIATE 1830 Shirt Avenue 20 A01,TBD
ALBINI 1876 Shirt Avenue 20 A03,TBD
ALFA-FI MANIFATTURA / ROSSOFORTE Moda In Fabrics 16 C28 C30,TBD
ALFRED BROWN WORSTED MILLS Ideabiella 20 A25,TBD
ALIBI Moda In Fabrics 16 F34,TBD
MAGLIFICIO ALTO MILANESE Moda In Fabrics 16 C14,TBD
ALUMO Shirt Avenue 20 A04,TBD
ANDREU.BARCELONA Shirt Avenue 20 A19,TBD
ANGELICO Ideabiella 20 D26,TBD
NASTRIFICIO ANGELO VALERA Moda In Accessories 8 E12,TBD
ANGELO VASINO Moda In Fabrics 16 C21 C23,TBD
AR ARIENZO-LAB Moda In Accessories 8 A18,TBD
ARCHE’ SB Moda In Fabrics 16 G31,TBD
ARELLA Moda In Fabrics 12 C03,TBD
SETERIE ARGENTI Moda In Fabrics 12 A22 A24,TBD
ARGOMENTI TESSILI Moda In Fabrics 12 D22 D24,TBD
ARGOPEL Moda In Accessories 8 G13,TBD
ARPATEX Moda In Fabrics 16 D31,TBD
ARPEX TEXTILES Moda In Accessories 8 E14,TBD
ART LINE Moda In Accessories 8 A22,TBD
RICAMIFICIO ASCHEI Moda In Accessories 8 A08 A10,TBD
ASCOLI BOTTONI Moda In Accessories 8 B05,TBD
ASPESI FEDERICO Moda In Fabrics 12 D15,TBD
Silky Print Lace & Embroidery Cotton Woolly Tecno Knit,TBD
42^ MILANO UNICA / 2,TBD
"Aggiornato al 17 dicembre 2025 / Last update December 17, 2025",TBD
LIST OF EXHIBITORS,TBD
HALL STAND,TBD
ATELIER DU VAL D’ARGENT - BACUS -,TBD
Moda In Fabrics 16 E09,TBD
CRISTOFFE,TBD
ATELIER ELLE by Lisa Moda In Fabrics 12 A03,TBD
ATELIER MAREY Moda In Fabrics 12 A07 A09,TBD
TEX ATHENEA Moda In Fabrics 12 C01,TBD
TESSITURA ATTILIO IMPERIALI - SERIKOS 1984 Moda In Fabrics 12 E41,TBD
AURIFIL Moda In Accessories 8 G19,TBD
AYB HISLABOR Moda In Accessories 8 C28,TBD
AZETA Reggiani Group Moda In Fabrics 16 F28 F30,TBD
AZIENDA FODERAMI DRAGONI Moda In Fabrics 16 D44 D46,TBD
LANIFICIO FRATELLI BACCI Ideabiella 20 B13,TBD
ATELIER DU VAL D’ARGENT - BACUS -,TBD
Moda In Fabrics 16 E09,TBD
CRISTOFFE,TBD
E26 E28,TBD
BALLI IL LANIFICIO Moda In Fabrics 16,TBD
F21 F23 F25 F27,TBD
BAP GROUP/BOMISA Moda In Accessories 8 C11 C13,TBD
LANIFICIO CARLO BARBERA Ideabiella 20 D24,TBD
ALBERTO BARDAZZI Moda In Fabrics 16 D18 D20,TBD
BARIG I NASTRI Moda In Accessories 8 G11,TBD
BARONCELLI GIULIA Moda In Fabrics 16 D36,TBD
BARTOLINI 1938 Moda In Fabrics 16 C38 C40,TBD
TESSITURA CARLO BASSETTI Shirt Avenue 20 A05,TBD
LANIFICIO BECAGLI Moda In Fabrics 16 D14,TBD
BEDINI F.LLI Moda In Fabrics 12 C17,TBD
BELLANDI - BEL&CO - DUEMILAGORI - MUST Moda In Fabrics 16 C25 C27 C29,TBD
FCN TEXTILES / BENNETT SILKS Moda In Fabrics 12 C41,TBD
BEPPETEX Moda In Fabrics 16 F29 F31,TBD
BERTO INDUSTRIA TESSILE Moda In Fabrics 16 A34,TBD
BESANI Moda In Fabrics 16 C19,TBD
BESTE Ideabiella 20 E04,TBD
BIANCO TESSUTI Moda In Fabrics 16 G08,TBD
GBINDA 1945 Moda In Fabrics 12 E27,TBD
GRUPPO BISENTINO - LANIFICIO BISENTINO -,TBD
Moda In Fabrics 16 D22 D24 D26,TBD
MANIFATTURA BIG,TBD
BLITZ STAR Moda In Accessories 8 D28,TBD
BLUE ON BLUES Fashion Fabrics Moda In Fabrics 12 C09,TBD
JBM BOMBARDO Moda In Fabrics 12 C10,TBD
BONOTTO Ideabiella 20 C08,TBD
GRUPO BORDADOS OLIVEIRA Moda In Accessories 8 C29,TBD
BORGHI 1819 Ideabiella 20 D20,TBD
BORGINI JERSEY Moda In Fabrics 16 A15,TBD
Silky Print Lace & Embroidery Cotton Woolly Tecno Knit,TBD
42^ MILANO UNICA / 3,TBD
"Aggiornato al 17 dicembre 2025 / Last update December 17, 2025",TBD
LIST OF EXHIBITORS,TBD
HALL STAND,TBD
BORGOTEXTILE ** CASDIT GROUP ** LA LINEA,TBD
Moda In Fabrics 12 B33,TBD
STAMPATI,TBD
BOSELLI & C Moda In Fabrics 12 F13,TBD
BOTTO GIUSEPPE Ideabiella 20 D10,TBD
BOTTONI CONTI WEJ Moda In Accessories 8 F07,TBD
BOTTONIFICIO LENZI 1955® Moda In Accessories 8 D12 D14 D16,TBD
BOTTONIFICIO PADANO Moda In Accessories 8 E15 E17,TBD
BOTTONIFICIO PIEMONTESE Moda In Accessories 8 A25,TBD
BOTTONIFICIO SILGA Moda In Accessories 8 C17,TBD
BOWER ROEBUCK Ideabiella 20 A23,TBD
JEAN BRACQ Moda In Fabrics 12 D13,TBD
OLMETEX / BRAVE BY OLMETEX Moda In Fabrics 12 F21 F23,TBD
BRECOTESSILE Moda In Fabrics 12 C11,TBD
BRENNET Shirt Avenue 20 A04,TBD
LANIFICIO BRESCHI Ideabiella 20 C11,TBD
BRESSAN TESSUTI Moda In Fabrics 16 A47,TBD
BRISBANE MOSS Moda In Fabrics 16 G05,TBD
BRITISH MILLERAIN CO Moda In Fabrics 16 F14,TBD
BRITO KNITTING Moda In Fabrics 16 C07,TBD
BRITO & MIRANDA Moda In Fabrics 16 C07,TBD
BRUGNOLI Moda In Fabrics 12 F15 F17 F19,TBD
BRUNELLO Moda In Fabrics 12 A13 A15 A17 A19,TBD
MORGANTI BRUNETTO Moda In Fabrics 16 F16,TBD
BUGIS / GUIGOU / SFATE & COMBIER Moda In Fabrics 12 C05,TBD
BY MICHELANGELO Moda In Accessories 8 C05,TBD
C.T.A. CENTRO TESSILE ANNUNZIATA Moda In Fabrics 16 B42 B44 B46,TBD
CADICA Moda In Accessories 8 A12 A14 A16,TBD
CAFISSI Moda In Fabrics 16 E33 E35 E37 E39,TBD
CAMAC ARTI GRAFICHE Moda In Accessories 8 D08 D10,TBD
CAMAC INDUSTRIA MODA Moda In Accessories 8 D08 D10,TBD
ALA CAMPOLMI Moda In Fabrics 16 F36,TBD
LANIFICIO CAMPORE Ideabiella 20 E16,TBD
CANCLINI 1925 - BLUE 1925 Shirt Avenue 20 A15,TBD
CANEPA Moda In Fabrics 12 D29 D31,TBD
F22 F24 F26,TBD
CANGIOLI 1859 Moda In Fabrics 16,TBD
G21 G23 G25,TBD
FUMEO CARLO Moda In Fabrics 16 E31,TBD
CARLO POZZI & C. COMO ITALY Moda In Fabrics 12 E25,TBD
CARNET - RATTI Ideabiella 20 A42,TBD
Silky Print Lace & Embroidery Cotton Woolly Tecno Knit,TBD
42^ MILANO UNICA / 4,TBD
"Aggiornato al 17 dicembre 2025 / Last update December 17, 2025",TBD
LIST OF EXHIBITORS,TBD
HALL STAND,TBD
CARREMAN INTERNATIONAL - PASSION FLEXI Moda In Fabrics 16 F08 F10,TBD
CASA DA MALHA Moda In Fabrics 16 B06,TBD
BORGOTEXTILE ** CASDIT GROUP ** LA LINEA,TBD
Moda In Fabrics 12 B33,TBD
STAMPATI,TBD
LANIFICIO CAVERNI Moda In Fabrics 16 D33,TBD
CEITEX ITALIA Moda In Accessories 8 C22,TBD
LANIFICIO F.LLI CERRUTI DAL 1881 - PIACENZA,TBD
Ideabiella 20 E19,TBD
GROUP,TBD
CERVOTESSILE Moda In Fabrics 12 A16 A18 B15 B17,TBD
CHARGEURS PCC Shirt Avenue 20 A02,TBD
MANIFATTURA FODERAMI CIMMINO Moda In Fabrics 16 C37,TBD
LANIFICIO CIPRIANI Moda In Fabrics 16 C32,TBD
CITY by LIBERTY FABRICS Shirt Avenue 20 A06,TBD
CK CREATIV KNOPF Moda In Accessories 8 C23,TBD
CLERICI TESSUTO/INDUSTRY /LARUSMIANI Moda In Fabrics 12 B21 B23 B25,TBD
JOSEPH H CLISSOLD & SON Ideabiella 20 C17,TBD
CM TESSUTI Moda In Fabrics 16 D04,TBD
CNC TESSUTI Moda In Fabrics 16 G02 G04 G06,TBD
INFINITY - CODICE - JJ MOON Moda In Fabrics 16 D06 D08,TBD
LANIFICIO LUIGI COLOMBO Ideabiella 20 D15,TBD
TESSITURA COLOMBO ANTONIO Moda In Fabrics 12 D04,TBD
COLORI MODA BY TINTORIA BUTTI Moda In Fabrics 12 A41,TBD
COLOUR’S COMPANY Moda In Fabrics 12 B03,TBD
LANIFICIO COMATEX Moda In Fabrics 16 E12 E14,TBD
COMISTRA - LINEA PLUS - LINEA PREMIERE -,TBD
Moda In Fabrics 16 C45,TBD
LINEA RIGENIUS,TBD
COMOTESS Moda In Fabrics 12 E42,TBD
COMPAGNIE FRANÇAISE DU BOUTON Moda In Accessories 8 E05,TBD
CONTI WEJ BOTTONI Moda In Accessories 8 F07,TBD
MAGLIFICIO CORNO Moda In Fabrics 16 A11,TBD
TESSITURA CORTI Moda In Accessories 8 A31,TBD
COTONIFICIO RONGHI Moda In Fabrics 16 C39 C41,TBD
COTTON TREND Moda In Fabrics 16 A12,TBD
GIANNI CRESPI FODERAMI Moda In Fabrics 12 A11,TBD
TESSITURA DI CREVACUORE Ideabiella 20 D22,TBD
CUCCHETTI TESSUTI Moda In Fabrics 16 A18 A20,TBD
DA GIULIO GROUP Moda In Fabrics 16 A36,TBD
DA.MA. SETA Moda In Fabrics 12 B11,TBD
LEADFORD & LOGAN BY D’ANGELO Moda In Fabrics 12 E11,TBD
DAVARIS TEXTILES Moda In Fabrics 16 B05 B07 B09,TBD
Silky Print Lace & Embroidery Cotton Woolly Tecno Knit,TBD
42^ MILANO UNICA / 5,TBD
"Aggiornato al 17 dicembre 2025 / Last update December 17, 2025",TBD
LIST OF EXHIBITORS,TBD
HALL STAND,TBD
DBS TESSUTI Moda In Fabrics 16 D34,TBD
DEB Moda In Accessories 8 F12,TBD
DECATEX Moda In Accessories 8 A24,TBD
MANIFATTURA DEL PRATO Moda In Fabrics 16 F12,TBD
DELFI Moda In Fabrics 12 G27,TBD
DELTA TEX Moda In Fabrics 12 B41,TBD
DENTELLE SOPHIE HALLETTE Moda In Fabrics 12 D16,TBD
DESTRO FABRICS Moda In Fabrics 16 B31,TBD
DEVEAUX Moda In Fabrics 12 B10,TBD
DINAMO CONTEMPORARY FABRICS Moda In Fabrics 16 G22 G24,TBD
DOMAR pelletteria Moda In Accessories 8 F03,TBD
LE TISSU BY DOMOTEX Moda In Fabrics 16 G39,TBD
GRUPPO DONDI Ideabiella 20 C02,TBD
DORLET Moda In Accessories 8 G15,TBD
DRAGO LANIFICIO IN BIELLA Ideabiella 20 C09,TBD
DRAGONI Moda In Fabrics 16 D44 D46,TBD
DUCA VISCONTI DI MODRONE Ideabiella 20 E08,TBD
DUCOTEX Moda In Fabrics 16 A41,TBD
DUESSE Moda In Accessories 8 C24,TBD
DUTEL CREATION Moda In Fabrics 12 C18,TBD
E.MIROGLIO EAD - BRAND SEM / KBC Moda In Fabrics 12 C33 C35,TBD
E.MIROGLIO EAD – BRAND MIROGLIO LANA Moda In Fabrics 16 E15 E17,TBD
EBTEX BERTINI Moda In Fabrics 16 G20,TBD
ECOPEL EUROPE Moda In Fabrics 12 G20,TBD
EFFEPIERRE - FPR Moda In Fabrics 12 B31,TBD
EGO - DIVISIONE DI PONTOGLIO Ideabiella 20 E11,TBD
JOSHUA ELLIS Ideabiella 20 D12,TBD
EMBLEM - IRISH LINEN Moda In Fabrics 16 D45,TBD
EMIL JERSEY FABRIC AND KNITWEAR DIVISION Moda In Fabrics 16 B11,TBD
MANIFATTURA EMMETEX Ideabiella 20 C16,TBD
C24 C26 C28,TBD
ERICA INDUSTRIA TESSILE Moda In Fabrics 12,TBD
D23 D25 D27,TBD
ESTETHIA G.B. CONTE - MARZOTTO GROUP Ideabiella 20 B22,TBD
E-STYLE Moda In Fabrics 12 D11,TBD
ETIGROUP Moda In Accessories 8 F15,TBD
ETIQUE Moda In Fabrics 12 F10,TBD
ETON TEXTILE Moda In Fabrics 16 C42 C44 C46,TBD
EUGSTER & HUBER Shirt Avenue 20 A02,TBD
EUROJERSEY Moda In Fabrics 12 G22 G24 G26 G28 G30,TBD
Silky Print Lace & Embroidery Cotton Woolly Tecno Knit,TBD
42^ MILANO UNICA / 6,TBD
"Aggiornato al 17 dicembre 2025 / Last update December 17, 2025",TBD
LIST OF EXHIBITORS,TBD
HALL STAND,TBD
EUROMAGLIA Moda In Fabrics 16 A10,TBD
EUROPRINT Moda In Fabrics 12 E39,TBD
OFFLINE BY EUROTESSILE Moda In Fabrics 16 B32,TBD
EUSEBIO Moda In Fabrics 16 B17 B19,TBD
EUSEBIO SANCHEZ Moda In Fabrics 12 E04,TBD
EZIO GHIRINGHELLI Moda In Fabrics 12 A05,TBD
"F.B.M.A. - BOTTONI, ACCESSORI E BIJOUX Moda In Accessories 8 A19",TBD
TG DI FABIO Ideabiella 20 B18,TBD
FABRIC LAB ITALY Moda In Fabrics 12 D37,TBD
FABRICA TESSUTI Moda In Fabrics 16 D13 D15,TBD
FABRITEX - OUTSIDE Moda In Fabrics 16 B35,TBD
FADA TESSUTI Moda In Fabrics 12 E19,TBD
FAISA LANIFICIO Moda In Fabrics 16 G34 G36,TBD
FALIERO SARTI Ideabiella 20 A27,TBD
FANTASIE TRICOT Moda In Fabrics 16 B10,TBD
FASAC Moda In Fabrics 12 E22 E24 E26 E28,TBD
FASHION JERSEY BY BM/NESATEX Moda In Fabrics 16 A13,TBD
FASHION TEX Moda In Accessories 8 D26,TBD
FCN TEXTILES / BENNETT SILKS Moda In Fabrics 12 C41,TBD
VIADELJERSEY BY FDB JERSEY Moda In Fabrics 16 A05,TBD
FEBA - ACCESSORI MODA Moda In Accessories 8 A04,TBD
FEC*SERILABEL DI FACCHINETTI Moda In Accessories 8 E19,TBD
FEDERICO ASPESI Moda In Fabrics 12 D15,TBD
FELT COLLECTION Moda In Fabrics 16 E06,TBD
FENILI Moda In Accessories 8 C06 D05,TBD
LANIFICIO FERLA Ideabiella 20 E07,TBD
FERNMOOR Ideabiella 20 A23,TBD
FGF - MTWH GROUP Moda In Accessories 8 D17 D19,TBD
FINITURA FELICE Moda In Fabrics 16 A30,TBD
FIORENZATULLE Moda In Fabrics 12 B01,TBD
FITECOM Moda In Fabrics 16 D38,TBD
FIVEOL TEXTIL Moda In Fabrics 16 B13,TBD
FIXO - MTWH GROUP Moda In Accessories 8 D17 D19,TBD
FLAME Moda In Fabrics 16 E32,TBD
FLORENRADICA - MTWH GROUP Moda In Accessories 8 D17 D19,TBD
FOLGAROLAS TEXTIL Moda In Fabrics 16 B41,TBD
FORMEIDEE Moda In Accessories 8 D03,TBD
FORTEX / COTTON LAB / KNIT Moda In Fabrics 16 D23,TBD
Silky Print Lace & Embroidery Cotton Woolly Tecno Knit,TBD
42^ MILANO UNICA / 7,TBD
"Aggiornato al 17 dicembre 2025 / Last update December 17, 2025",TBD
LIST OF EXHIBITORS,TBD
HALL STAND,TBD
FORZA GIOVANE ART Moda In Accessories 8 D18 D20,TBD
JOHN FOSTER 1819 Ideabiella 20 D11,TBD
MANIFATTURA TESSILE FRALPI Moda In Fabrics 16 G32,TBD
FRAMIS ITALIA Moda In Accessories 8 D11,TBD
PASSAMANERIA FRASSINETTI Moda In Accessories 8 G12,TBD
FREE TIME Moda In Fabrics 12 F28 F30,TBD
FRIZZA Moda In Fabrics 12 F38 F40,TBD
FUMEO CARLO Moda In Fabrics 16 E31,TBD
FURPILE IDEA Moda In Fabrics 16 D21,TBD
G.D.M. TESSUTI Moda In Fabrics 12 B42,TBD
GAFFORELLI Moda In Accessories 8 C15,TBD
GALEOTTIPIUME Moda In Accessories 8 E04,TBD
GALLUS S.B. Moda In Fabrics 12 E30 E32,TBD
GARAGE TEXTILE Moda In Fabrics 16 G12,TBD
GÉNEROS DE PUNTO FABRÉS Moda In Fabrics 16 A02,TBD
GETZNER TEXTIL Shirt Avenue 20 A30,TBD
GHIOLDI Moda In Fabrics 16 F11,TBD
EZIO GHIRINGHELLI Moda In Fabrics 12 A05,TBD
GIANNETTI PIERO LANIFICIO Moda In Fabrics 16 F39,TBD
GIANNI CRESPI FODERAMI Moda In Fabrics 12 A11,TBD
GIELLE SOFTWARE Moda In Accessories 8 C19,TBD
GIOLICA / GLAM Moda In Fabrics 16 E11,TBD
GIOTEX F.LLI GIORGETTI Moda In Fabrics 16 G30,TBD
GIPITEX Moda In Fabrics 12 G40,TBD
GIRANI Moda In Fabrics 12 C14,TBD
GM FABRICS Moda In Fabrics 12 A37,TBD
F12 F14 F16 F18 F20,TBD
GORETTI - MINERVAHUB Moda In Fabrics 12,TBD
G11 G13 G15 G17 G19,TBD
GOUTAREL Moda In Fabrics 12 A25,TBD
GRAF & CO Moda In Accessories 8 F06,TBD
GRATACOS Moda In Fabrics 12 B12 B14,TBD
GRITTI 1924 Moda In Accessories 8 B11 B13 B15,TBD
GRITTI GEMS Moda In Accessories 8 B11 B13 B15,TBD
LANERIE GROSBER Moda In Fabrics 16 D35,TBD
GROUPE LECUYER FANTEX Moda In Accessories 8 D29,TBD
GRUPPO BISENTINO - LANIFICIO BISENTINO -,TBD
Moda In Fabrics 16 D22 D24 D26,TBD
MANIFATTURA BIG,TBD
GRUPPO TESSILE IMPARATO Moda In Fabrics 16 A43 A45,TBD
GRUPPO UNIESSE BOTTONI E SPALLINE Moda In Accessories 8 F08,TBD
Silky Print Lace & Embroidery Cotton Woolly Tecno Knit,TBD
42^ MILANO UNICA / 8,TBD
"Aggiornato al 17 dicembre 2025 / Last update December 17, 2025",TBD
LIST OF EXHIBITORS,TBD
HALL STAND,TBD
GRUPPO UNIESSE SPALLINE Moda In Accessories 8 F08,TBD
GRUPPOCINQUE Moda In Fabrics 12 G33 G35,TBD
GSM CRYSTAL Moda In Accessories 8 D24,TBD
GUABELLO - MARZOTTO GROUP Ideabiella 20 B21,TBD
HALLEY STEVENSONS Moda In Fabrics 16 E10,TBD
WILLIAM HALSTEAD Ideabiella 20 D12,TBD
HARRIS TWEED HEBRIDES Ideabiella 20 B24,TBD
HAUSAMMANN+MOOS 1811 Shirt Avenue 20 A17,TBD
HENITEX INTERNATIONAL Moda In Fabrics 16 B03,TBD
HILLARY FASHION TEXTILE Moda In Fabrics 12 E08,TBD
HOH HOFERHECHT STICKEREIEN Moda In Fabrics 12 D10,TBD
HUREL Moda In Fabrics 12 D41,TBD
I.MA.TEX Moda In Fabrics 16 B33,TBD
I.S.G. ITALIAN STYLISTIC GROUP Moda In Accessories 8 C27,TBD
I.T.J.V. TÊXTEIS Moda In Fabrics 16 B04,TBD
IDEA RICAMO Moda In Accessories 8 D24,TBD
IFANSI Moda In Fabrics 16 D40 D42,TBD
ILUNA GROUP Moda In Fabrics 12 D06,TBD
IME FABRICS Moda In Fabrics 16 C03,TBD
IMMAGINE PIU’ Moda In Accessories 8 A30,TBD
GRUPPO TESSILE IMPARATO Moda In Fabrics 16 A43 A45,TBD
IMPRESA TESSILE Moda In Fabrics 12 G37,TBD
INDET Group Moda In Accessories 8 G16,TBD
INFINITY - CODICE - JJ MOON Moda In Fabrics 16 D06 D08,TBD
INNOTEX Moda In Fabrics 12 D42,TBD
INNOVA FABRICS Moda In Fabrics 12 F04,TBD
INSETA Moda In Fabrics 16 G15 G17 G19,TBD
INTER JERSEY MILANO Moda In Fabrics 12 F37,TBD
INTESA C Moda In Fabrics 12 D34 D36,TBD
INWOOL JERSEY Moda In Fabrics 16 D17 D19,TBD
IOAKIMIDIS TEXTILES Moda In Fabrics 16 C11 C13 C15 C17,TBD
IPOTESI Moda In Fabrics 12 E33 E35,TBD
ISLA Moda In Fabrics 16 E08,TBD
ITALIAN CONVERTER Moda In Fabrics 12 F05,TBD
F12 F14 F16 F18 F20,TBD
ITTTAI - MINERVAHUB Moda In Fabrics 12,TBD
G11 G13 G15 G17 G19,TBD
JACKYTEX Ideabiella 20 A29,TBD
F12 F14 F16 F18 F20,TBD
JATO 1991 - MINERVAHUB Moda In Fabrics 12,TBD
G11 G13 G15 G17 G19,TBD
Silky Print Lace & Embroidery Cotton Woolly Tecno Knit,TBD
42^ MILANO UNICA / 9,TBD
"Aggiornato al 17 dicembre 2025 / Last update December 17, 2025",TBD
LIST OF EXHIBITORS,TBD
HALL STAND,TBD
JEAN BRACQ Moda In Fabrics 12 D13,TBD
JOKER’S Moda In Fabrics 12 E37,TBD
JOSEF OTTEN & TDI Moda In Fabrics 12 C42,TBD
JOZWIAK Moda In Fabrics 16 B47,TBD
JSB OLIVEIRA & OLIVEIRA Moda In Accessories 8 C29,TBD
JUAN BOLUDA Moda In Fabrics 12 B37,TBD
JUNIOR ARTE RICAMI BY ADELE ZIBETTI Moda In Fabrics 12 E13,TBD
J-VAL Moda In Accessories 8 B16,TBD
KNIPIDEE INTERNATIONAL Moda In Fabrics 16 A40,TBD
KNOPF & KNOPF INTERNATIONAL Moda In Accessories 8 F19,TBD
KYNOCH OF SCOTLAND Ideabiella 20 D11,TBD
MALHIA KENT / LA FILLE Moda In Fabrics 12 C16,TBD
LA LINEA Shirt Avenue 20 A32,TBD
LA TORRE Moda In Fabrics 16 G26 G28,TBD
LABAM Moda In Accessories 8 A23,TBD
LABMODA Moda In Accessories 8 C03,TBD
LAMINTESS Moda In Fabrics 12 F27 F29,TBD
LAMPA Moda In Accessories 8 D18 D20,TBD
LAN. NUOVO RI-VERA Moda In Fabrics 16 C35,TBD
LANDINI Moda In Fabrics 16 C31,TBD
LANERIE GROSBER Moda In Fabrics 16 D35,TBD
LANFRANCHI LAMPO ZIPPERS Moda In Accessories 8 C12 C14,TBD
LANIFICIO BOTTOLI Ideabiella 20 C12,TBD
LANIFICIO CAVERNI Moda In Fabrics 16 D33,TBD
LANIFICIO F.LLI CERRUTI DAL 1881 -,TBD
Ideabiella 20 E19,TBD
PIACENZA GROUP,TBD
LANIFICIO CIPRIANI Moda In Fabrics 16 C32,TBD
LANIFICIO COMATEX Moda In Fabrics 16 E12 E14,TBD
LANIFICIO FORTEX Moda In Fabrics 16 D23,TBD
LANIFICIO GUASTI Moda In Fabrics 16 B49,TBD
LANIFICIO RAPHAEL Ideabiella 20 D16,TBD
LANIFICIO ROGNA Ideabiella 20 C19,TBD
LANIFICIO ROMA Moda In Fabrics 16 E27 E29,TBD
LARTIGIANABOTTONI Moda In Accessories 8 D30,TBD
LAURENT GARIGUE Moda In Fabrics 12 C19,TBD
LE TISSU BY DOMOTEX Moda In Fabrics 16 G39,TBD
LEADFORD & LOGAN BY D’ANGELO Moda In Fabrics 12 E11,TBD
LEANDRO MANUEL ARAÚJO Moda In Fabrics 16 C06,TBD
LEMAR Moda In Fabrics 12 F35,TBD
Silky Print Lace & Embroidery Cotton Woolly Tecno Knit,TBD
42^ MILANO UNICA / 10,TBD
"Aggiornato al 17 dicembre 2025 / Last update December 17, 2025",TBD
LIST OF EXHIBITORS,TBD
HALL STAND,TBD
LENZI BOTTONI Moda In Accessories 8 D12 D14 D16,TBD
LEOMASTER - CAPRITEX TESS Ideabiella 20 E10,TBD
LIBECO Shirt Avenue 20 A08,TBD
LIBERTY FABRICS Moda In Fabrics 12 B05,TBD
F22 F24 F26,TBD
LIMONTA Moda In Fabrics 12,TBD
G21 G23 G25,TBD
LINAS LT Moda In Fabrics 16 G01,TBD
LINEA EPICA Moda In Fabrics 16 E21 E23 E25,TBD
LINEAESSE GROUP Moda In Fabrics 16 G27,TBD
LINO PER SEMPRE / NORTHERN LINEN Moda In Fabrics 16 B40,TBD
LINTON TWEEDS Moda In Fabrics 16 D09,TBD
LIOLIOS Moda In Fabrics 12 G39,TBD
ATELIER ELLE by Lisa Moda In Fabrics 12 A03,TBD
LISA - TOP PROJECT - PREMIUM Moda In Fabrics 12 B22 B24 B26 B28,TBD
LMA.PT Moda In Fabrics 16 C06,TBD
LORENZO TESSUTI Moda In Fabrics 16 G14,TBD
LORO PIANA Ideabiella 20 D19,TBD
LRT - Luís Rodrigues & Teixeira Moda In Accessories 8 D27,TBD
LURDES SAMPAIO Moda In Fabrics 16 A09,TBD
LUXURY JERSEY Moda In Fabrics 16 A14,TBD
LYRIA Moda In Fabrics 16 D28 D30,TBD
M.I.T.I. Moda In Fabrics 12 G31,TBD
M.T.T. MANIFATTURA TESSILE TOSCANA Moda In Fabrics 16 F35,TBD
MA.AL.BI.1947 MANIFATTURE ALTO BIELLESE Moda In Fabrics 16 G18,TBD
MABO Moda In Accessories 8 F11 F13,TBD
MAD MMXX Moda In Fabrics 16 C47,TBD
MADEIRA EMBROIDERY THREADS Moda In Accessories 8 B22,TBD
MAGEE WEAVING Ideabiella 20 A40,TBD
MAGLIFICIO ALTO MILANESE Moda In Fabrics 16 C14,TBD
MAGLIFICIO CORNO Moda In Fabrics 16 A11,TBD
MAGLIFICIO MAGGIA Ideabiella 20 E06,TBD
MAGMA TÊXTIL Moda In Fabrics 16 B08,TBD
MAIBOM Moda In Fabrics 16 D11,TBD
MAINETTI RECA Moda In Accessories 8 C08 C10 D07,TBD
"MAJOCCHI, NT Moda In Fabrics 12 F11",TBD
MALHIA KENT / LA FILLE Moda In Fabrics 12 C16,TBD
MALLALIEUS Ideabiella 20 C20,TBD
MANIFATTURA DEL PRATO Moda In Fabrics 16 F12,TBD
Silky Print Lace & Embroidery Cotton Woolly Tecno Knit,TBD
42^ MILANO UNICA / 11,TBD
"Aggiornato al 17 dicembre 2025 / Last update December 17, 2025",TBD
LIST OF EXHIBITORS,TBD
HALL STAND,TBD
MANIFATTURA FODERAMI CIMMINO Moda In Fabrics 16 C37,TBD
MANIFATTURA MODENESE Moda In Accessories 8 B03,TBD
MANIFATTURA PACINI NELLO Moda In Fabrics 16 B12,TBD
MANIFATTURA PEZZETTI Moda In Fabrics 12 A04 A06,TBD
MANIFATTURA TESSILE FRALPI Moda In Fabrics 16 G32,TBD
MANIFATTURE ITALIANE SCUDIERI -,TBD
Moda In Fabrics 12 F31,TBD
MECTEX DIV.,TBD
MANIFATTURE TESSILI BIANCHI 1981 Moda In Fabrics 12 D40,TBD
MANLY INTERLININGS Moda In Fabrics 12 F39,TBD
A22 A24,TBD
MANTECO Moda In Fabrics 16,TBD
B21 B23 B25 B27 B29,TBD
MANTERO SETA Moda In Fabrics 12 E21 E23,TBD
MANUFACTURAS ANDREU Shirt Avenue 20 A19,TBD
MAPEL / STELLONI Moda In Fabrics 16 F13 F15,TBD
MARIELLE - RATTI Ideabiella 20 A44,TBD
MARINI INDUSTRIE Moda In Fabrics 16 C22 C24 C26,TBD
MARIO BELLUCCI Moda In Fabrics 16 G11 G13,TBD
MARLANE - MARZOTTO GROUP Ideabiella 20 B23,TBD
MARLING & EVANS Ideabiella 20 D28,TBD
GMF MARZOTTO FABRICS - MARZOTTO GROUP Ideabiella 20 B26,TBD
MATCH POINT Shirt Avenue 20 A07,TBD
TESSITURA MAURI Moda In Fabrics 12 A10,TBD
MAURI ANGELO Moda In Accessories 8 A21,TBD
MANIFATTURE ITALIANE SCUDIERI -,TBD
Moda In Fabrics 12 F31,TBD
MECTEX DIV.,TBD
MEKKITESS Moda In Fabrics 16 A08,TBD
MENCHI TESSUTI Ideabiella 20 C18,TBD
MENGONI E NASSINI - MTWH GROUP Moda In Accessories 8 D17 D19,TBD
MET MANIFATTURA ETICHETTE TESSUTE Moda In Accessories 8 B19,TBD
METAL P Moda In Accessories 8 B01,TBD
METALBOTTONI Moda In Accessories 8 D06,TBD
METALSTUDIO / METALPRECIOUS -,TBD
Moda In Accessories 8 D17 D19,TBD
MTWH GROUP,TBD
METALWORKS - MTWH GROUP Moda In Accessories 8 D17 D19,TBD
MG2 CREATION/PHILEA/TISSAGE DES,TBD
Moda In Fabrics 12 B13,TBD
CHAUMES,TBD
MI.GRA. SINCE 1988 - DANIVE MODE Moda In Fabrics 12 E14,TBD
MILETA Shirt Avenue 20 A18,TBD
MILIOR 1895 Moda In Fabrics 16 C34 C36,TBD
F12 F14 F16 F18 F20,TBD
MINERVAHUB Moda In Fabrics 12,TBD
G11 G13 G15 G17 G19,TBD
MITWILL TEXTILES Moda In Fabrics 12 B02,TBD
LANIFICIO MOESSMER Ideabiella 20 E14,TBD
Silky Print Lace & Embroidery Cotton Woolly Tecno Knit,TBD
42^ MILANO UNICA / 12,TBD
"Aggiornato al 17 dicembre 2025 / Last update December 17, 2025",TBD
LIST OF EXHIBITORS,TBD
HALL STAND,TBD
MOKUBA BY RIBBON LINE Moda In Accessories 8 B18 B20,TBD
MONTEOLIVETO Moda In Fabrics 12 C07,TBD
MONTI GROUP Shirt Avenue 20 A21,TBD
MONTORFANO Moda In Fabrics 12 E15,TBD
MOON Ideabiella 20 A38,TBD
MORGANTI BRUNETTO Moda In Fabrics 16 F16,TBD
MT1958 BY MANIFATTURA MARIO TONETTI Moda In Fabrics 16 A39,TBD
MTP - MANIF. TESSILE PIEROZZI Moda In Fabrics 16 A25 A27,TBD
MTVV MANIFATTURE TESSILI VITTORIO,TBD
Shirt Avenue 20 A16,TBD
VENETO,TBD
MTWH GROUP Moda In Accessories 8 D17 D19,TBD
MYZIP Moda In Accessories 8 C20,TBD
NALYA Ideabiella 20 E12,TBD
NASTRIFICIO ACHILLE VALERA LISSONI Moda In Accessories 8 C16 C18,TBD
NASTRIFICIO ALBERT BONATI Moda In Accessories 8 A27,TBD
NASTRIFICIO ANGELO VALERA Moda In Accessories 8 E12,TBD
NASTRIFICIO DE BERNARDI Moda In Accessories 8 C09,TBD
NEMARK Moda In Accessories 8 B30,TBD
NEON 1872 Moda In Fabrics 12 B40,TBD
NEW CONCEPTS DIV STAMPERIA DI,TBD
Moda In Fabrics 12 B27,TBD
MARTINENGO,TBD
NEW JUNIOR Moda In Fabrics 16 E04,TBD
NEXT Moda In Accessories 8 A15 A17,TBD
NIGGELER & KUPFER TEXTILE SINCE 1876 Moda In Fabrics 16 D37,TBD
NIKI RICAMI - RICAMIFICIO ARTISTICO Moda In Fabrics 12 E09,TBD
NIMUE - COMPAGNIA DELLA LANA Moda In Fabrics 16 D10,TBD
LINO PER SEMPRE / NORTHERN LINEN Moda In Fabrics 16 B40,TBD
NOVA FIDES Moda In Fabrics 16 G33 G35 G37,TBD
NOVALANSA - PREMIERTEX Moda In Fabrics 16 A03,TBD
NRGY - STAFF RICAMI - MANIFATTURA,TBD
Moda In Accessories 8 F05,TBD
CARPIGIANA,TBD
"MAJOCCHI, NT Moda In Fabrics 12 F11",TBD
NUOVA TESSILBRENTA - MARZOTTO GROUP Moda In Fabrics 16 E22 E24,TBD
LAN. NUOVO RI-VERA Moda In Fabrics 16 C35,TBD
OCEAN Moda In Accessories 8 B11 B13 B15,TBD
OFFICINA Moda In Fabrics 12 D26 D28,TBD
OFFICINA 3 Moda In Accessories 8 F14,TBD
OFFLINE BY EUROTESSILE Moda In Fabrics 16 B32,TBD
OLIMPIAS FABRICS Moda In Fabrics 16 B22 B24 B26 B28 B30,TBD
OLIMPIAS LABELS Moda In Accessories 8 E20,TBD
PAULO DE OLIVEIRA Ideabiella 20 B11,TBD
Silky Print Lace & Embroidery Cotton Woolly Tecno Knit,TBD
42^ MILANO UNICA / 13,TBD
"Aggiornato al 17 dicembre 2025 / Last update December 17, 2025",TBD
LIST OF EXHIBITORS,TBD
HALL STAND,TBD
OLMETEX / BRAVE BY OLMETEX Moda In Fabrics 12 F21 F23,TBD
OMNIAPIEGA Moda In Fabrics 12 B30,TBD
OPERA PIEMONTESE - MARZOTTO GROUP Ideabiella 20 B19,TBD
ORSINI Moda In Fabrics 12 D12,TBD
FABRITEX - OUTSIDE Moda In Fabrics 16 B35,TBD
P.M.P. Moda In Accessories 8 B23,TBD
MANIFATTURA PACINI NELLO Moda In Fabrics 16 B12,TBD
PANAMA TRIMMINGS Moda In Accessories 8 F20,TBD
PANTEX Ideabiella 20 C18,TBD
PASQUA STYLE Moda In Fabrics 12 E07,TBD
PASSAMANERIA FRASSINETTI Moda In Accessories 8 G12,TBD
PASSAMANERIA ITALIANA Moda In Accessories 8 F04,TBD
CARREMAN INTERNATIONAL - PASSION FLEXI Moda In Fabrics 16 F08 F10,TBD
TESSITURA MARCO PASTORELLI Moda In Fabrics 12 A12,TBD
LANIFICIO PAULTEX GEA Moda In Fabrics 16 D12,TBD
PAVESE BOTTONI Moda In Accessories 8 A11,TBD
PB ACCESSORIES Moda In Accessories 8 D25,TBD
PECCI - DIVISIONE DI PONTOGLIO Ideabiella 20 E11,TBD
PEDRINI BUTTONS Moda In Accessories 8 B29,TBD
PENTEADORA Ideabiella 20 B09,TBD
LES TISSAGES PERRIN Moda In Fabrics 12 C15,TBD
PETER BUEDEL Moda In Accessories 8 D25,TBD
MANIFATTURA PEZZETTI Moda In Fabrics 12 A04 A06,TBD
PIACENZA 1733 - PIACENZA GROUP Ideabiella 20 E15,TBD
PIAVE MAITEX Moda In Fabrics 12 F09,TBD
PICCHI Moda In Fabrics 16 F33,TBD
PIEGAVELOX Moda In Fabrics 12 E05,TBD
LANIFICIO PIEMONTESE - PIACENZA GROUP Ideabiella 20 E17,TBD
ACHILLE PINTO Moda In Fabrics 12 C21 C23 C25 C27 C29,TBD
PIOVESE FASHION Moda In Accessories 8 B17,TBD
PIROLA PASSAMANERIE Moda In Accessories 8 A20,TBD
PIZVAL Moda In Fabrics 12 D20,TBD
PONGEES SPECIALISTI IN SETA Moda In Fabrics 12 C12,TBD
PONTETORTO Moda In Fabrics 16 D27 D29,TBD
PONTEX SINCE 1972 Moda In Fabrics 16 D43,TBD
PONTOGLIO 1883 Ideabiella 20 E13,TBD
POSITIVE MATERIALS Moda In Fabrics 16 A49,TBD
PRATOFABRICS BY PRATOFINISH Moda In Fabrics 16 E40,TBD
Silky Print Lace & Embroidery Cotton Woolly Tecno Knit,TBD
42^ MILANO UNICA / 14,TBD
"Aggiornato al 17 dicembre 2025 / Last update December 17, 2025",TBD
LIST OF EXHIBITORS,TBD
HALL STAND,TBD
LANIFICIO DI PRAY Ideabiella 20 D13,TBD
NOVALANSA - PREMIERTEX Moda In Fabrics 16 A03,TBD
PREPPY Moda In Accessories 8 B11 B13 B15,TBD
PRINA TESSUTI Moda In Fabrics 12 A28,TBD
PROPOSTE Moda In Fabrics 12 D39,TBD
PUIG UBACH Moda In Fabrics 12 A14,TBD
PYRATEX® Moda In Fabrics 16 A06,TBD
F12 F14 F16 F18 F20,TBD
QUAKE - MINERVAHUB Moda In Fabrics 12,TBD
G11 G13 G15 G17 G19,TBD
"QUALITY - TEXTILES, NETHERLANDS Moda In Fabrics 16 D05",TBD
QUAREGNA - LA TELA DI PENELOPE Ideabiella 20 C15,TBD
QUORUM Moda In Fabrics 12 C39,TBD
RAINBOW Moda In Fabrics 12 C30 C32,TBD
RAPHAEL Ideabiella 20 D16,TBD
RATTI - MARIELLE Ideabiella 20 A44,TBD
TEJIDOS REBES Moda In Fabrics 12 E40,TBD
RECA MAINETTI Moda In Accessories 8 C08 C10 D07,TBD
REDA Ideabiella 20 D06,TBD
REDMARK Moda In Accessories 8 B12 B14,TBD
REGGIANI Ideabiella 20 D14,TBD
REMMERT Moda In Accessories 8 E07 E09,TBD
RENARD GRIERE Moda In Fabrics 12 E06,TBD
MOKUBA BY RIBBON LINE Moda In Accessories 8 B18 B20,TBD
RIBBONTEX Moda In Accessories 8 E16,TBD
RICAMIFICIO ASCHEI Moda In Accessories 8 A08 A10,TBD
RICAMIFICIO LUSI Moda In Fabrics 12 D09,TBD
RICAMIFICIO PAOLO ITALY Moda In Fabrics 12 E12,TBD
RICAMIFICIO VANONI Moda In Fabrics 12 D14,TBD
LUIGI RICCERI Ideabiella 20 C13,TBD
RICCIARINI Moda In Fabrics 16 A26 A28,TBD
RIFRA NASTRI Moda In Accessories 8 C21,TBD
RIOPELE TÊXTEIS Moda In Fabrics 16 F03 F05 F07 F09,TBD
RONCARI PASSAMANERIE Moda In Accessories 8 A26,TBD
TESSITURA ROSSI Moda In Fabrics 16 B39,TBD
ROVAGNATI VINCENZO Moda In Fabrics 16 B43 B45,TBD
ROYALSTONE PLUS Moda In Accessories 8 C30,TBD
RUDHOLM GROUP Moda In Accessories 8 G17,TBD
RUFFO COLI Moda In Fabrics 12 B32,TBD
SAGAL Moda In Fabrics 16 A42 A44 A46,TBD
Silky Print Lace & Embroidery Cotton Woolly Tecno Knit,TBD
42^ MILANO UNICA / 15,TBD
"Aggiornato al 17 dicembre 2025 / Last update December 17, 2025",TBD
LIST OF EXHIBITORS,TBD
HALL STAND,TBD
SAMA Moda In Accessories 8 G14,TBD
SANDRA B Moda In Accessories 8 C04,TBD
FALIERO SARTI Ideabiella 20 A27,TBD
SAVILE CLIFFORD Ideabiella 20 A23,TBD
SAVINO TESSUTI SPOSA E CERIMONIA Moda In Fabrics 12 E03,TBD
SC PRINT Moda In Accessories 8 D22,TBD
SCARPELLINI Moda In Accessories 8 B27,TBD
SCOP CLARENSON Moda In Fabrics 16 A31,TBD
SECONDO STEFANO PAVESE Moda In Accessories 8 A11,TBD
SEDATEX Moda In Fabrics 12 D38,TBD
SELECTA COMO Moda In Fabrics 12 A29 A31,TBD
E.MIROGLIO EAD - BRAND SEM / KBC Moda In Fabrics 12 C33 C35,TBD
SERATES Moda In Fabrics 12 G32,TBD
SERIDE Moda In Fabrics 12 B09,TBD
SER-VIZ GROUP Moda In Accessories 8 F18,TBD
SETERIE ARGENTI Moda In Fabrics 12 A22 A24,TBD
SFT - SAMPIETRO GROUP Moda In Fabrics 12 D32,TBD
SHINDO TEXTILE EUROPE Moda In Accessories 8 D13 D15,TBD
SICTESS Shirt Avenue 20 A21,TBD
SIDOGRAS Moda In Fabrics 16 F02 F04,TBD
SIDÓNIOS KNITWEAR Moda In Fabrics 16 B01,TBD
BOTTONIFICIO SILGA Moda In Accessories 8 C17,TBD
SILKOMO Moda In Fabrics 12 C13,TBD
SIMONA B. Moda In Accessories 8 E18 F17,TBD
SITIP Moda In Fabrics 12 G08 G10,TBD
SMI TESSUTI Moda In Fabrics 16 G38 G40,TBD
SO.TEX.CO INTERNATIONAL Moda In Accessories 8 E03,TBD
SOCIÉTÉ CHOLETAISE DE FABRICATION Moda In Accessories 8 D21,TBD
SOFILETA Moda In Fabrics 12 G07 G09,TBD
SOLBIATI Ideabiella 20 D21,TBD
SOLSTISS Moda In Fabrics 12 D17,TBD
SOMELOS TECIDOS Shirt Avenue 20 A34,TBD
SOPHIE HALLETTE Moda In Fabrics 12 D16,TBD
SOVRATEX Moda In Fabrics 12 A39,TBD
SPENCE BRYSON LINENS Moda In Fabrics 16 D03,TBD
SPRINTEX - ERCEA - LEV Moda In Fabrics 12 B35,TBD
ST - MILANO SEMPLICEMENTE TULLE Moda In Fabrics 12 D03,TBD
STAFF JERSEY Moda In Fabrics 16 C18 C20,TBD
Silky Print Lace & Embroidery Cotton Woolly Tecno Knit,TBD
42^ MILANO UNICA / 16,TBD
"Aggiornato al 17 dicembre 2025 / Last update December 17, 2025",TBD
LIST OF EXHIBITORS,TBD
HALL STAND,TBD
STAFF RICAMI MANIFATTURA CARPIGIANA Moda In Accessories 8 F05,TBD
STAM ART GROUP Moda In Fabrics 12 C34 C36 C38,TBD
STC BY STAMPERIA RIFINIZIONE S. GIOVANNI Moda In Fabrics 12 B04 B06,TBD
STEPHEN WALTERS Ideabiella 20 B15,TBD
STIB 19 Moda In Fabrics 12 D05,TBD
STOFFALL 2.0 Moda In Fabrics 16 C08 C10,TBD
STOLA Moda In Fabrics 16 C04,TBD
STUDIO ELLE Moda In Fabrics 12 C31,TBD
SUBALPINO Ideabiella 20 C21,TBD
SWING Moda In Fabrics 12 F34 F36,TBD
T.F.T. - ITALIAN TULLE Moda In Fabrics 12 E10,TBD
TAIANA Shirt Avenue 20 A14,TBD
F.LLI TALLIA DI DELFINO - MARZOTTO GROUP Ideabiella 20 B17,TBD
TARDUCCI MASSIMO Moda In Accessories 8 D04,TBD
TARGET TESSUTI A MAGLIA Moda In Fabrics 16 B15,TBD
TARONI Moda In Fabrics 12 E29 E31,TBD
TBM Ideabiella 20 D18,TBD
TCS PRINTS Shirt Avenue 20 A20,TBD
TECHNOW Moda In Fabrics 12 F42,TBD
TECHPRINT Moda In Fabrics 12 B39,TBD
TEJIDOS REBES Moda In Fabrics 12 E40,TBD
TEKSTINA Shirt Avenue 20 A12,TBD
TELATEX Moda In Fabrics 16 D41,TBD
TESCALANE Moda In Fabrics 16 B48,TBD
TESEO - TESSITURA SERICA DI OLMEDA Moda In Fabrics 12 A26,TBD
TESJ - DIVISIONE DI PONTOGLIO Ideabiella 20 E13,TBD
TESSÈA BY STAMPERIA RIFINIZIONE,TBD
Moda In Fabrics 12 B08,TBD
S. GIOVANNI,TBD
TESSIL - NOVEX Moda In Fabrics 12 F03,TBD
TESSIL OPERA Moda In Fabrics 16 F40,TBD
TESSILBIELLA Ideabiella 20 D03,TBD
TESSILCLUB Moda In Fabrics 16 C33,TBD
TESSILE Moda In Fabrics 12 A36,TBD
TESSILE FIORENTINA COMPANY Moda In Fabrics 16 E30,TBD
TESSILGODI Moda In Fabrics 16 E21 E23 E25,TBD
TESSILIDEA Moda In Fabrics 16 E19,TBD
TESSILMAGLIA Moda In Fabrics 16 A17,TBD
TESSITURA ATTILIO BOTTINELLI Shirt Avenue 20 A09,TBD
TESSITURA CARLO BASSETTI Shirt Avenue 20 A05,TBD
Silky Print Lace & Embroidery Cotton Woolly Tecno Knit,TBD
42^ MILANO UNICA / 17,TBD
"Aggiornato al 17 dicembre 2025 / Last update December 17, 2025",TBD
LIST OF EXHIBITORS,TBD
HALL STAND,TBD
TESSITURA CARLO VALLI Moda In Fabrics 12 A27,TBD
TESSITURA COLOMBO ANTONIO Moda In Fabrics 12 D04,TBD
TESSITURA CORTI Moda In Accessories 8 A31,TBD
TESSITURA DI ALBIZZATE - T.B.M. GROUP Moda In Fabrics 16 F20,TBD
TESSITURA DI NOVARA Ideabiella 20 C04,TBD
TESSITURA F.LLI BRESSAN Moda In Fabrics 16 A47,TBD
TESSITURA GRANDI & RUBINELLI Shirt Avenue 20 A17,TBD
TESSITURA MARCO PASTORELLI Moda In Fabrics 12 A12,TBD
TESSITURA MAURI Moda In Fabrics 12 A10,TBD
TESSITURA ROSSI Moda In Fabrics 16 B39,TBD
TESSITURA SIDOTI Moda In Fabrics 16 C09,TBD
TESSITURA UBOLDI LUIGI Moda In Fabrics 12 A32,TBD
TESSITURA VIGNETTA Moda In Fabrics 12 F06,TBD
TESSPORT Moda In Fabrics 16 A07,TBD
TESSUTI & TESSUTI Moda In Fabrics 16 C12,TBD
TESSUTI DI SONDRIO - MARZOTTO GROUP Ideabiella 20 C14,TBD
TEX ATHENEA Moda In Fabrics 12 C01,TBD
TEXCART Moda In Accessories 8 E11 E13,TBD
TEXCO Ideabiella 20 E02,TBD
TEXLABEL Moda In Accessories 8 C19,TBD
TEXMODA Moda In Fabrics 16 F17 F19,TBD
TEXTA by FASAC Shirt Avenue 20 A11,TBD
TEXTIL ORTIZ Moda In Fabrics 12 A34,TBD
TEXTIL PUIG UBACH Moda In Fabrics 12 A14,TBD
TEXTIL SANTANDERINA Moda In Fabrics 16 G03,TBD
THERMORE - GRUPPO FISI Moda In Fabrics 12 F33,TBD
THINDOWN - NIPI ITALIA Moda In Fabrics 12 F32,TBD
E. THOMAS Ideabiella 20 D08,TBD
THOMAS MASON Shirt Avenue 20 A03,TBD
TIARE’ Moda In Fabrics 12 C40,TBD
COLORI MODA BY TINTORIA BUTTI Moda In Fabrics 12 A41,TBD
LES TISSAGES PERRIN Moda In Fabrics 12 C15,TBD
TITANUS Moda In Fabrics 16 D32,TBD
TMG TEXTILES Moda In Fabrics 16 G07 G09,TBD
LANIFICIO DI TOLLEGNO Ideabiella 20 E21,TBD
TOMASI MASTER BY TM INDUSTRIES Moda In Accessories 8 A02,TBD
MT1958 BY MANIFATTURA MARIO TONETTI Moda In Fabrics 16 A39,TBD
TOPP ITALIA Moda In Accessories 8 B09,TBD
Silky Print Lace & Embroidery Cotton Woolly Tecno Knit,TBD
42^ MILANO UNICA / 18,TBD
"Aggiornato al 17 dicembre 2025 / Last update December 17, 2025",TBD
LIST OF EXHIBITORS,TBD
HALL STAND,TBD
LA TORRE Moda In Fabrics 16 G26 G28,TBD
TOSCANA TESSUTI by stamperia toscana Moda In Fabrics 16 G10,TBD
TOSCHI PASSAMANERIE Moda In Accessories 8 A09,TBD
JULES TOURNIER Moda In Fabrics 16 A29,TBD
TRABALDO TOGNA 1840 Ideabiella 20 C10,TBD
F12 F14 F16 F18 F20,TBD
TRAPUNTATURA BEL PUNTO - MINERVAHUB Moda In Fabrics 12,TBD
G11 G13 G15 G17 G19,TBD
TRE C COMPANY Moda In Fabrics 16 A19,TBD
TRIMALHAS - KNIT INSPIRATION Moda In Fabrics 16 C05,TBD
TROFICOLOR DENIM MAKERS Moda In Fabrics 16 A37,TBD
ULISSE ACCESSORI MODA Moda In Accessories 8 A28,TBD
VALTER Moda In Accessories 8 B04,TBD
ANGELO VASINO Moda In Fabrics 16 C21 C23,TBD
VELCOREX Moda In Fabrics 16 D39,TBD
VERHEES TEXTILES Moda In Fabrics 16 A04,TBD
VIADELJERSEY BY FDB JERSEY Moda In Fabrics 16 A05,TBD
VILARINHO Shirt Avenue 20 A10,TBD
VINCIFUR Moda In Fabrics 12 F41,TBD
VISCONTI DI MODRONE DUCA Ideabiella 20 E08,TBD
VISMA - ACCESSORI MODA & MILITARE Moda In Accessories 8 A32,TBD
VITALE BARBERIS CANONICO Ideabiella 20 E01,TBD
VOSTEX Moda In Accessories 8 D23,TBD
WALTEX TRICOT MANUFACTURE Moda In Fabrics 16 B14,TBD
WEAVABEL Moda In Accessories 8 B25,TBD
WEFT Moda In Fabrics 12 D33 D35,TBD
WORKINGMENBLUES Moda In Fabrics 12 D07,TBD
ZANCHI GIOVANNI Moda In Accessories 8 F16,TBD
LANIFICIO LUIGI ZANIERI Moda In Fabrics 16 F32,TBD
ERMENEGILDO ZEGNA Ideabiella 20 C06,TBD
ZIGNONE Ideabiella 20 E09,TBD
ZIP GOFFREDO,ZIP GFD Moda In Accessories 8 D09
Silky Print Lace & Embroidery Cotton Woolly Tecno Knit,TBD
42^ MILANO UNICA / 19,TBD
"Aggiornato al 17 dicembre 2025 / Last update December 17, 2025",TBD
IDEABIELLA 20 16 12 8,TBD
ALFRED BROWN WORSTED MILLS A25 MARIELLE - RATTI A44,TBD
ANGELICO D26 MARLANE - MARZOTTO GROUP B23,TBD
LANIFICIO FRATELLI BACCI B13 MARLING & EVANS D28,TBD
LANIFICIO CARLO BARBERA D24 GMF MARZOTTO FABRICS - MARZOTTO GROUP B26,TBD
BESTE E04 MENCHI TESSUTI C18,TBD
BONOTTO C08 LANIFICIO MOESSMER E14,TBD
BORGHI 1819 D20 MOON A38,TBD
BOTTO GIUSEPPE D10 NALYA E12,TBD
BOWER ROEBUCK A23 PAULO DE OLIVEIRA B11,TBD
LANIFICIO BRESCHI C11 OPERA PIEMONTESE - MARZOTTO GROUP B19,TBD
LANIFICIO CAMPORE E16 PANTEX C18,TBD
CARNET - RATTI A42 PECCI - DIVISIONE DI PONTOGLIO E11,TBD
LANIFICIO F.LLI CERRUTI DAL 1881 - PIACENZA GROUP E19 PENTEADORA B09,TBD
JOSEPH H CLISSOLD & SON C17 PIACENZA 1733 - PIACENZA GROUP E15,TBD
LANIFICIO LUIGI COLOMBO D15 LANIFICIO PIEMONTESE - PIACENZA GROUP E17,TBD
TESSITURA DI CREVACUORE D22 PONTOGLIO 1883 E13,TBD
GRUPPO DONDI C02 LANIFICIO DI PRAY D13,TBD
DRAGO LANIFICIO IN BIELLA C09 QUAREGNA - LA TELA DI PENELOPE C15,TBD
DUCA VISCONTI DI MODRONE E08 RAPHAEL D16,TBD
EGO - DIVISIONE DI PONTOGLIO E11 RATTI - MARIELLE A44,TBD
JOSHUA ELLIS D12 REDA D06,TBD
MANIFATTURA EMMETEX C16 REGGIANI D14,TBD
ESTETHIA G.B. CONTE - MARZOTTO GROUP B22 LUIGI RICCERI C13,TBD
TG DI FABIO B18 FALIERO SARTI A27,TBD
FALIERO SARTI A27 SAVILE CLIFFORD A23,TBD
LANIFICIO FERLA E07 SOLBIATI D21,TBD
FERNMOOR A23 STEPHEN WALTERS B15,TBD
JOHN FOSTER 1819 D11 SUBALPINO C21,TBD
GUABELLO - MARZOTTO GROUP B21 F.LLI TALLIA DI DELFINO - MARZOTTO GROUP B17,TBD
WILLIAM HALSTEAD D12 TBM D18,TBD
HARRIS TWEED HEBRIDES B24 TESJ - DIVISIONE DI PONTOGLIO E13,TBD
JACKYTEX A29 TESSILBIELLA D03,TBD
KYNOCH OF SCOTLAND D11 TESSITURA DI NOVARA C04,TBD
LANIFICIO BOTTOLI C12 TESSUTI DI SONDRIO - MARZOTTO GROUP C14,TBD
LANIFICIO F.LLI CERRUTI DAL 1881 - PIACENZA GROUP E19 TEXCO E02,TBD
LANIFICIO RAPHAEL D16 E. THOMAS D08,TBD
LANIFICIO ROGNA C19 LANIFICIO DI TOLLEGNO E21,TBD
LEOMASTER - CAPRITEX TESS E10 TRABALDO TOGNA 1840 C10,TBD
LORO PIANA D19 VISCONTI DI MODRONE DUCA E08,TBD
MAGEE WEAVING A40 VITALE BARBERIS CANONICO E01,TBD
MAGLIFICIO MAGGIA E06 ERMENEGILDO ZEGNA C06,TBD
MALLALIEUS C20 ZIGNONE E09,TBD
42^ MILANO UNICA / 20,TBD
"Aggiornato al 17 dicembre 2025 / Last update December 17, 2025",TBD
SHIRT AVENUE 20 16 12 8,TBD
ALBIATE 1830 A01 MATCH POINT A07,TBD
ALBINI 1876 A03 MILETA A18,TBD
ALUMO A04 MONTI GROUP A21,TBD
ANDREU.BARCELONA A19 MTVV MANIFATTURE TESSILI VITTORIO VENETO A16,TBD
TESSITURA CARLO BASSETTI A05 SICTESS A21,TBD
BRENNET A04 SOMELOS TECIDOS A34,TBD
CANCLINI 1925 - BLUE 1925 A15 TAIANA A14,TBD
CHARGEURS PCC A02 TCS PRINTS A20,TBD
CITY by LIBERTY FABRICS A06 TEKSTINA A12,TBD
EUGSTER & HUBER A02 TESSITURA ATTILIO BOTTINELLI A09,TBD
GETZNER TEXTIL A30 TESSITURA CARLO BASSETTI A05,TBD
HAUSAMMANN+MOOS 1811 A17 TESSITURA GRANDI & RUBINELLI A17,TBD
LA LINEA A32 TEXTA by FASAC A11,TBD
LIBECO A08 THOMAS MASON A03,TBD
MANUFACTURAS ANDREU A19 VILARINHO A10,TBD
MODA IN ACCESSORIES 20 16 12 8,TBD
A.C.M. A15 A17 BOTTONIFICIO PADANO E15 E17,TBD
NASTRIFICIO ACHILLE VALERA LISSONI C16 C18 BOTTONIFICIO PIEMONTESE A25,TBD
AEFFE B21 BOTTONIFICIO SILGA C17,TBD
AIRILY A13 BY MICHELANGELO C05,TBD
ALBANO ANTONIO A29 A12 A14,TBD
CADICA,TBD
NASTRIFICIO ALBERT BONATI A27,TBD
CAMAC ARTI GRAFICHE D08 D10,TBD
NASTRIFICIO ANGELO VALERA E12,TBD
CAMAC INDUSTRIA MODA D08 D10,TBD
AR ARIENZO-LAB A18,TBD
ARGOPEL G13 CEITEX ITALIA C22,TBD
ARPEX TEXTILES E14 CK CREATIV KNOPF C23,TBD
ART LINE A22 COMPAGNIE FRANÇAISE DU BOUTON E05,TBD
RICAMIFICIO ASCHEI A08 A10 CONTI WEJ BOTTONI F07,TBD
ASCOLI BOTTONI B05,TBD
TESSITURA CORTI A31,TBD
AURIFIL G19,TBD
DEB F12,TBD
AYB HISLABOR C28,TBD
DECATEX A24,TBD
BAP GROUP/BOMISA C11 C13,TBD
DOMAR pelletteria F03,TBD
BARIG I NASTRI G11,TBD
DORLET G15,TBD
BLITZ STAR D28,TBD
DUESSE C24,TBD
GRUPO BORDADOS OLIVEIRA C29,TBD
ETIGROUP F15,TBD
BOTTONI CONTI WEJ F07,TBD
"F.B.M.A. - BOTTONI, ACCESSORI E BIJOUX A19",TBD
D12 D14,TBD
BOTTONIFICIO LENZI 1955®,TBD
D16 FASHION TEX D26,TBD
42^ MILANO UNICA / 21,TBD
"Aggiornato al 17 dicembre 2025 / Last update December 17, 2025",TBD
MODA IN ACCESSORIES 20 16 12 8,TBD
FEBA - ACCESSORI MODA A04 METAL P B01,TBD
FEC*SERILABEL DI FACCHINETTI E19 METALBOTTONI D06,TBD
FENILI C06 D05 METALSTUDIO / METALPRECIOUS - MTWH GROUP D17 D19,TBD
FGF - MTWH GROUP D17 D19 METALWORKS - MTWH GROUP D17 D19,TBD
FIXO - MTWH GROUP D17 D19 MOKUBA BY RIBBON LINE B18 B20,TBD
FLORENRADICA - MTWH GROUP D17 D19 MTWH GROUP D17 D19,TBD
FORMEIDEE D03 MYZIP C20,TBD
FORZA GIOVANE ART D18 D20 NASTRIFICIO ACHILLE VALERA LISSONI C16 C18,TBD
FRAMIS ITALIA D11 NASTRIFICIO ALBERT BONATI A27,TBD
PASSAMANERIA FRASSINETTI G12 NASTRIFICIO ANGELO VALERA E12,TBD
GAFFORELLI C15 NASTRIFICIO DE BERNARDI C09,TBD
GALEOTTIPIUME E04 NEMARK B30,TBD
GIELLE SOFTWARE C19 NEXT A15 A17,TBD
GRAF & CO F06 NRGY - STAFF RICAMI - MANIFATTURA CARPIGIANA F05,TBD
GRITTI 1924 B1 B 1 1 B 5 13 OCEAN B1 B 1 1 B 5 13,TBD
B11 B13 OFFICINA 3 F14,TBD
GRITTI GEMS,TBD
OLIMPIAS LABELS E20,TBD
GROUPE LECUYER FANTEX D29,TBD
P.M.P. B23,TBD
GRUPPO UNIESSE BOTTONI E SPALLINE F08,TBD
PANAMA TRIMMINGS F20,TBD
GRUPPO UNIESSE SPALLINE F08,TBD
PASSAMANERIA FRASSINETTI G12,TBD
GSM CRYSTAL D24,TBD
PASSAMANERIA ITALIANA F04,TBD
I.S.G. ITALIAN STYLISTIC GROUP C27,TBD
PAVESE BOTTONI A11,TBD
IDEA RICAMO D24,TBD
PB ACCESSORIES D25,TBD
IMMAGINE PIU’ A30,TBD
PEDRINI BUTTONS B29,TBD
INDET Group G16,TBD
PETER BUEDEL D25,TBD
JSB OLIVEIRA & OLIVEIRA C29,TBD
PIOVESE FASHION B17,TBD
J-VAL B16,TBD
PIROLA PASSAMANERIE A20,TBD
KNOPF & KNOPF INTERNATIONAL F19,TBD
B11 B13,TBD
PREPPY,TBD
LABAM A23 B15,TBD
C08 C10,TBD
LABMODA C03 RECA MAINETTI,TBD
LAMPA D18 D20,TBD
REDMARK B12 B14,TBD
LANFRANCHI LAMPO ZIPPERS C12 C14 REMMERT E07 E09,TBD
LARTIGIANABOTTONI D30 MOKUBA BY RIBBON LINE B18 B20,TBD
D12 D14,TBD
LENZI BOTTONI RIBBONTEX E16,TBD
RICAMIFICIO ASCHEI A08 A10,TBD
LRT - Luís Rodrigues & Teixeira D27,TBD
RIFRA NASTRI C21,TBD
MABO F11 F13,TBD
RONCARI PASSAMANERIE A26,TBD
MADEIRA EMBROIDERY THREADS B22,TBD
ROYALSTONE PLUS C30,TBD
C08 C10,TBD
MAINETTI RECA,TBD
RUDHOLM GROUP G17,TBD
MANIFATTURA MODENESE B03,TBD
SAMA G14,TBD
MAURI ANGELO A21 SANDRA B C04,TBD
MENGONI E NASSINI - MTWH GROUP D17 D19 SC PRINT D22,TBD
MET MANIFATTURA ETICHETTE TESSUTE B19 SCARPELLINI B27,TBD
42^ MILANO UNICA / 22,TBD
"Aggiornato al 17 dicembre 2025 / Last update December 17, 2025",TBD
MODA IN ACCESSORIES 20 16 12 8,TBD
SECONDO STEFANO PAVESE A11 TEXLABEL C19,TBD
SER-VIZ GROUP F18 TOMASI MASTER BY TM INDUSTRIES A02,TBD
SHINDO TEXTILE EUROPE D13 D15 TOPP ITALIA B09,TBD
BOTTONIFICIO SILGA C17 TOSCHI PASSAMANERIE A09,TBD
SIMONA B. E18 F17 ULISSE ACCESSORI MODA A28,TBD
SO.TEX.CO INTERNATIONAL E03 VALTER B04,TBD
SOCIÉTÉ CHOLETAISE DE FABRICATION D21 VISMA - ACCESSORI MODA & MILITARE A32,TBD
STAFF RICAMI MANIFATTURA CARPIGIANA F05 VOSTEX D23,TBD
TARDUCCI MASSIMO D04 WEAVABEL B25,TBD
TESSITURA CORTI A31 ZANCHI GIOVANNI F16,TBD
TEXCART E11 E13 ZIP GOFFREDO,ZIP GFD D09
"MODA IN FABRICS, COTTON/WOOLLY 20 16 12 8",TBD
18 STORE B50 BEPPETEX F29 F31,TBD
6DIAS TÊXTEIS INTERNACIONAIS A50 BERTO INDUSTRIA TESSILE A34,TBD
AGM A48 BIANCO TESSUTI G08,TBD
ALA CAMPOLMI F36 GRUPPO BISENTINO - LANIFICIO BISENTINO - D22 D24,TBD
MANIFATTURA BIG D26,TBD
ALBANO MORGADO A32,TBD
BRESSAN TESSUTI A47,TBD
ALBERTO BARDAZZI D18 D20,TBD
BRISBANE MOSS G05,TBD
ALFA-FI MANIFATTURA / ROSSOFORTE C28 C30,TBD
BRITISH MILLERAIN CO F14,TBD
ALIBI F34,TBD
MORGANTI BRUNETTO F16,TBD
MAGLIFICIO ALTO MILANESE C14,TBD
B42 B44,TBD
C.T.A. CENTRO TESSILE ANNUNZIATA,TBD
ANGELO VASINO C21 C23,TBD
E33 E35,TBD
ARCHE' SB G31 CAFISSI E37 E39,TBD
ARPATEX D31 ALA CAMPOLMI F36,TBD
ATELIER DU VAL D'ARGENT - BACUS - CRISTOFFE E09 F22 F24,TBD
CANGIOLI 1859 F26 G21,TBD
AZETA Reggiani Group F28 F30 G23 G25,TBD
AZIENDA FODERAMI DRAGONI D44 D46 FUMEO CARLO E31,TBD
ATELIER DU VAL D'ARGENT - BACUS - CRISTOFFE E09 CARREMAN INTERNATIONAL - PASSION FLEXI F08 F10,TBD
E26 E28 LANIFICIO CAVERNI D33,TBD
BALLI IL LANIFICIO F21 F23,TBD
F25 F27 MANIFATTURA FODERAMI CIMMINO C37,TBD
ALBERTO BARDAZZI D18 D20 LANIFICIO CIPRIANI C32,TBD
CM TESSUTI D04,TBD
BARONCELLI GIULIA D36,TBD
G02 G04,TBD
BARTOLINI 1938 C38 C40 CNC TESSUTI,TBD
LANIFICIO BECAGLI D14,TBD
INFINITY - CODICE - JJ MOON D06 D08,TBD
C25 C27,TBD
BELLANDI - BEL&CO - DUEMILAGORI - MUST C29 LANIFICIO COMATEX E12 E14,TBD
42^ MILANO UNICA / 23,TBD
"Aggiornato al 17 dicembre 2025 / Last update December 17, 2025",TBD
"MODA IN FABRICS, COTTON/WOOLLY 20 16 12 8",TBD
COMISTRA - LINEA PLUS - LINEA PREMIERE - LINEA,TBD
C45 INWOOL JERSEY D17 D19,TBD
RIGENIUS,TBD
COTONIFICIO RONGHI C39 C41 ISLA E08,TBD
DA GIULIO GROUP A36 JOZWIAK B47,TBD
DBS TESSUTI D34 KNIPIDEE INTERNATIONAL A40,TBD
MANIFATTURA DEL PRATO F12 LA TORRE G26 G28,TBD
DESTRO FABRICS B31 LAN. NUOVO RI-VERA C35,TBD
DINAMO CONTEMPORARY FABRICS G22 G24 LANDINI C31,TBD
LE TISSU BY DOMOTEX G39 LANERIE GROSBER D35,TBD
DRAGONI D44 D46 LANIFICIO CAVERNI D33,TBD
DUCOTEX A41 LANIFICIO CIPRIANI C32,TBD
E.MIROGLIO EAD – BRAND MIROGLIO LANA E15 E17 LANIFICIO COMATEX E12 E14,TBD
EBTEX BERTINI G20 LANIFICIO FORTEX D23,TBD
EMBLEM - IRISH LINEN D45 LANIFICIO GUASTI B49,TBD
C42 C44 LANIFICIO ROMA E27 E29,TBD
ETON TEXTILE,TBD
LE TISSU BY DOMOTEX G39,TBD
EUROMAGLIA A10,TBD
LINAS LT G01,TBD
OFFLINE BY EUROTESSILE B32,TBD
E21 E23,TBD
LINEA EPICA,TBD
FABRICA TESSUTI D13 D15 E25,TBD
FABRITEX - OUTSIDE B35 LINEAESSE GROUP G27,TBD
FAISA LANIFICIO G34 G36 LINO PER SEMPRE / NORTHERN LINEN B40,TBD
FELT COLLECTION E06 LINTON TWEEDS D09,TBD
FINITURA FELICE A30 LORENZO TESSUTI G14,TBD
FITECOM D38 LYRIA D28 D30,TBD
FLAME E32 M.T.T. MANIFATTURA TESSILE TOSCANA F35,TBD
FOLGAROLAS TEXTIL B41 MA.AL.BI.1947 MANIFATTURE ALTO BIELLESE G18,TBD
FORTEX / COTTON LAB / KNIT D23 MAD MMXX C47,TBD
MANIFATTURA TESSILE FRALPI G32 MAGLIFICIO ALTO MILANESE C14,TBD
FUMEO CARLO E31 MAIBOM D11,TBD
FURPILE IDEA D21 MANIFATTURA DEL PRATO F12,TBD
GARAGE TEXTILE G12 MANIFATTURA FODERAMI CIMMINO C37,TBD
GHIOLDI F11 MANIFATTURA TESSILE FRALPI G32,TBD
GIANNETTI PIERO LANIFICIO F39 A22 A24,TBD
B21 B23,TBD
GIOLICA / GLAM E11 MANTECO B25 B27,TBD
GIOTEX F.LLI GIORGETTI G30,TBD
MAPEL / STELLONI F13 F15,TBD
LANERIE GROSBER D35,TBD
C22 C24,TBD
GRUPPO BISENTINO - LANIFICIO BISENTINO - D22 D24 MARINI INDUSTRIE,TBD
MANIFATTURA BIG D26,TBD
GRUPPO TESSILE IMPARATO A43 A45 MILIOR 1895 C34 C36,TBD
HALLEY STEVENSONS E10 MORGANTI BRUNETTO F16,TBD
I.MA.TEX B33 MT1958 BY MANIFATTURA MARIO TONETTI A39,TBD
IFANSI D40 D42 MTP - MANIF. TESSILE PIEROZZI A25 A27,TBD
GRUPPO TESSILE IMPARATO A43 A45 NEW JUNIOR E04,TBD
INFINITY - CODICE - JJ MOON D06 D08,TBD
NIGGELER & KUPFER TEXTILE SINCE 1876 D37,TBD
G15 G17,TBD
INSETA G19 NIMUE - COMPAGNIA DELLA LANA D10,TBD
42^ MILANO UNICA / 24,TBD
"Aggiornato al 17 dicembre 2025 / Last update December 17, 2025",TBD
"MODA IN FABRICS, COTTON/WOOLLY 20 16 12 8",TBD
LINO PER SEMPRE / NORTHERN LINEN B40 SPENCE BRYSON LINENS D03,TBD
G33 G35 STOFFALL 2.0 C08 C10,TBD
NOVA FIDES,TBD
TELATEX D41,TBD
NUOVA TESSILBRENTA - MARZOTTO GROUP E22 E24,TBD
TESCALANE B48,TBD
LAN. NUOVO RI-VERA C35,TBD
TESSIL OPERA F40,TBD
OFFLINE BY EUROTESSILE B32,TBD
TESSILCLUB C33,TBD
B22 B24,TBD
OLIMPIAS FABRICS B26 B28 TESSILE FIORENTINA COMPANY E30,TBD
E21 E23,TBD
TESSILGODI,TBD
FABRITEX - OUTSIDE B35,TBD
TESSILIDEA E19,TBD
CARREMAN INTERNATIONAL - PASSION FLEXI F08 F10,TBD
TESSITURA DI ALBIZZATE - T.B.M. GROUP F20,TBD
LANIFICIO PAULTEX GEA D12,TBD
TESSITURA F.LLI BRESSAN A47,TBD
PICCHI F33,TBD
TESSITURA ROSSI B39,TBD
PONTETORTO D27 D29,TBD
TEXMODA F17 F19,TBD
PONTEX SINCE 1972 D43,TBD
TEXTIL SANTANDERINA G03,TBD
POSITIVE MATERIALS A49,TBD
TITANUS D32,TBD
PRATOFABRICS BY PRATOFINISH E40,TBD
TMG TEXTILES G07 G09,TBD
"QUALITY - TEXTILES, NETHERLANDS D05",TBD
MT1958 BY MANIFATTURA MARIO TONETTI A39,TBD
RICCIARINI A26 A28,TBD
LA TORRE G26 G28,TBD
F03 F05,TBD
RIOPELE TÊXTEIS,TBD
F07 F09,TBD
TOSCANA TESSUTI by stamperia toscana G10,TBD
TESSITURA ROSSI B39,TBD
JULES TOURNIER A29,TBD
ROVAGNATI VINCENZO B43 B45,TBD
TROFICOLOR DENIM MAKERS A37,TBD
A42 A44,TBD
SAGAL ANGELO VASINO C21 C23,TBD
SCOP CLARENSON A31 VELCOREX D39,TBD
SIDOGRAS F02 F04 VINCIFUR F41,TBD
SMI TESSUTI G38 G40 LANIFICIO LUIGI ZANIERI F32,TBD
"MODA IN FABRICS, KNIT 20 16 12 8",TBD
3C COMPANY A19 EMIL JERSEY FABRIC AND KNITWEAR DIVISION B11,TBD
BESANI C19 EUSEBIO B17 B19,TBD
BORGINI JERSEY A15 FANTASIE TRICOT B10,TBD
BRITO KNITTING C07 FASHION JERSEY BY BM/NESATEX A13,TBD
BRITO & MIRANDA C07,TBD
VIADELJERSEY BY FDB JERSEY A05,TBD
CASA DA MALHA B06,TBD
FIVEOL TEXTIL B13,TBD
MAGLIFICIO CORNO A11,TBD
GÉNEROS DE PUNTO FABRÉS A02,TBD
COTTON TREND A12,TBD
HENITEX INTERNATIONAL B03,TBD
CUCCHETTI TESSUTI A18 A20,TBD
B05 B07 I.T.J.V. TÊXTEIS B04,TBD
DAVARIS TEXTILES,TBD
IME FABRICS C03,TBD
42^ MILANO UNICA / 25,TBD
"Aggiornato al 17 dicembre 2025 / Last update December 17, 2025",TBD
"MODA IN FABRICS, KNIT 20 16 12 8",TBD
C11 C13 PYRATEX® A06,TBD
IOAKIMIDIS TEXTILES,TBD
C15 C17,TBD
SIDÓNIOS KNITWEAR B01,TBD
LEANDRO MANUEL ARAÚJO C06,TBD
STAFF JERSEY C18 C20,TBD
LMA.PT C06,TBD
STOLA C04,TBD
LURDES SAMPAIO A09,TBD
TARGET TESSUTI A MAGLIA B15,TBD
LUXURY JERSEY A14,TBD
TESSILMAGLIA A17,TBD
MAGLIFICIO CORNO A11,TBD
TESSITURA SIDOTI C09,TBD
MAGMA TÊXTIL B08,TBD
TESSPORT A07,TBD
MANIFATTURA PACINI NELLO B12,TBD
TESSUTI & TESSUTI C12,TBD
MARIO BELLUCCI G11 G13,TBD
TRE C COMPANY A19,TBD
MEKKITESS A08,TBD
TRIMALHAS - KNIT INSPIRATION C05,TBD
NOVALANSA - PREMIERTEX A03,TBD
VERHEES TEXTILES A04,TBD
MANIFATTURA PACINI NELLO B12,TBD
VIADELJERSEY BY FDB JERSEY A05,TBD
NOVALANSA - PREMIERTEX A03 WALTEX TRICOT MANUFACTURE B14,TBD
"MODA IN FABRICS, LACE&EMBROIDERY 20 16 12 8",TBD
ALBERT GUEGAIN BRODERIES E17 MONTORFANO E15,TBD
ASPESI FEDERICO D15 NIKI RICAMI - RICAMIFICIO ARTISTICO E09,TBD
JEAN BRACQ D13 ORSINI D12,TBD
TESSITURA COLOMBO ANTONIO D04 PASQUA STYLE E07,TBD
LEADFORD & LOGAN BY D'ANGELO E11 PIEGAVELOX E05,TBD
DENTELLE SOPHIE HALLETTE D16 PIZVAL D20,TBD
E-STYLE D11 RENARD GRIERE E06,TBD
EUSEBIO SANCHEZ E04 RICAMIFICIO LUSI D09,TBD
FADA TESSUTI E19 RICAMIFICIO PAOLO ITALY E12,TBD
FEDERICO ASPESI D15 RICAMIFICIO VANONI D14,TBD
HILLARY FASHION TEXTILE E08 SAVINO TESSUTI SPOSA E CERIMONIA E03,TBD
HOH HOFERHECHT STICKEREIEN D10 SOLSTISS D17,TBD
ILUNA GROUP D06 SOPHIE HALLETTE D16,TBD
JEAN BRACQ D13 STIB 19 D05,TBD
JUNIOR ARTE RICAMI BY ADELE ZIBETTI E13 T.F.T. - ITALIAN TULLE E10,TBD
LEADFORD & LOGAN BY D'ANGELO E11 TESSITURA COLOMBO ANTONIO D04,TBD
MI.GRA. SINCE 1988 - DANIVE MODE E14 WORKINGMENBLUES D07,TBD
42^ MILANO UNICA / 26,TBD
"Aggiornato al 17 dicembre 2025 / Last update December 17, 2025",TBD
"MODA IN FABRICS, SILKY/PRINT 20 16 12 8",TBD
C21 C23 G.D.M. TESSUTI B42,TBD
ACHILLE PINTO C25 C27,TBD
C29 GALLUS S.B. E30 E32,TBD
ARELLA C03 EZIO GHIRINGHELLI A05,TBD
SETERIE ARGENTI A22 A24 GIANNI CRESPI FODERAMI A11,TBD
ARGOMENTI TESSILI D22 D24 GIRANI C14,TBD
ATELIER ELLE by Lisa A03 GM FABRICS A37,TBD
ATELIER MAREY A07 A09 GOUTAREL A25,TBD
TEX ATHENEA C01 GRATACOS B12 B14,TBD
TESSITURA ATTILIO IMPERIALI - SERIKOS 1984 E41 HUREL D41,TBD
BEDINI F.LLI C17 INNOTEX D42,TBD
FCN TEXTILES / BENNETT SILKS C41 INTESA C D34 D36,TBD
GBINDA 1945 E27 IPOTESI E33 E35,TBD
BLUE ON BLUES Fashion Fabrics C09 JOKER'S E37,TBD
JBM BOMBARDO C10 JOSEF OTTEN & TDI C42,TBD
BORGOTEXTILE ** CASDIT GROUP ** LA LINEA JUAN BOLUDA B37,TBD
STAMPATI,TBD
MALHIA KENT / LA FILLE C16,TBD
BRECOTESSILE C11,TBD
LAURENT GARIGUE C19,TBD
A13 A15,TBD
BRUNELLO,TBD
A17 A19,TBD
LIBERTY FABRICS B05,TBD
BUGIS / GUIGOU / SFATE & COMBIER C05,TBD
LIOLIOS G39,TBD
CANEPA D29 D31,TBD
ATELIER ELLE by Lisa A03,TBD
CARLO POZZI & C. COMO ITALY E25,TBD
B22 B24,TBD
LISA - TOP PROJECT - PREMIUM,TBD
BORGOTEXTILE ** CASDIT GROUP ** LA LINEA B26 B28,TBD
STAMPATI,TBD
MALHIA KENT / LA FILLE C16,TBD
A16 A18,TBD
CERVOTESSILE,TBD
B15 B17 MANIFATTURA PEZZETTI A04 A06,TBD
B21 B23,TBD
CLERICI TESSUTO/INDUSTRY /LARUSMIANI MANIFATTURE TESSILI BIANCHI 1981 D40,TBD
MANTERO SETA E21 E23,TBD
COLORI MODA BY TINTORIA BUTTI A41,TBD
TESSITURA MAURI A10,TBD
COLOUR'S COMPANY B03,TBD
MG2 CREATION/PHILEA/TISSAGE DES CHAUMES B13,TBD
COMOTESS E42,TBD
MITWILL TEXTILES B02,TBD
GIANNI CRESPI FODERAMI A11,TBD
MONTEOLIVETO C07,TBD
DA.MA. SETA B11,TBD
NEON 1872 B40,TBD
DELTA TEX B41,TBD
NEW CONCEPTS DIV STAMPERIA DI MARTINENGO B27,TBD
DEVEAUX B10,TBD
OFFICINA D26 D28,TBD
DUTEL CREATION C18,TBD
E.MIROGLIO EAD - BRAND SEM / KBC C33 C35 OMNIAPIEGA B30,TBD
EFFEPIERRE - FPR B31 TESSITURA MARCO PASTORELLI A12,TBD
C24 C26 LES TISSAGES PERRIN C15,TBD
ERICA INDUSTRIA TESSILE C28 D23,TBD
D25 D27 MANIFATTURA PEZZETTI A04 A06,TBD
EUROPRINT E39 C21 C23,TBD
ACHILLE PINTO C25 C27,TBD
EZIO GHIRINGHELLI A05 C29,TBD
FABRIC LAB ITALY D37,TBD
PONGEES SPECIALISTI IN SETA C12,TBD
E22 E24,TBD
FASAC PRINA TESSUTI A28,TBD
E26 E28,TBD
FCN TEXTILES / BENNETT SILKS C41 PROPOSTE D39,TBD
FIORENZATULLE B01 PUIG UBACH A14,TBD
42^ MILANO UNICA / 27,TBD
"Aggiornato al 17 dicembre 2025 / Last update December 17, 2025",TBD
"MODA IN FABRICS, SILKY/PRINT 20 16 12 8",TBD
QUORUM C39 TECHPRINT B39,TBD
RAINBOW C30 C32 TEJIDOS REBES E40,TBD
TEJIDOS REBES E40,TBD
TESEO - TESSITURA SERICA DI OLMEDA A26,TBD
RUFFO COLI B32,TBD
TESSÈA BY STAMPERIA RIFINIZIONE S. GIOVANNI B08,TBD
SEDATEX D38,TBD
TESSILE A36,TBD
SELECTA COMO A29 A31,TBD
TESSITURA CARLO VALLI A27,TBD
E.MIROGLIO EAD - BRAND SEM / KBC C33 C35,TBD
TESSITURA MARCO PASTORELLI A12,TBD
SERIDE B09,TBD
TESSITURA MAURI A10,TBD
SETERIE ARGENTI A22 A24,TBD
TESSITURA UBOLDI LUIGI A32,TBD
SFT - SAMPIETRO GROUP D32,TBD
SILKOMO C13 TEX ATHENEA C01,TBD
SOVRATEX A39 TEXTIL ORTIZ A34,TBD
SPRINTEX - ERCEA - LEV B35 TEXTIL PUIG UBACH A14,TBD
ST - MILANO SEMPLICEMENTE TULLE D03 TIARE' C40,TBD
C34 C36,TBD
STAM ART GROUP COLORI MODA BY TINTORIA BUTTI A41,TBD
STC BY STAMPERIA RIFINIZIONE S. GIOVANNI B04 B06 LES TISSAGES PERRIN C15,TBD
STUDIO ELLE C31 WEFT D33 D35,TBD
TARONI E29 E31,TBD
"MODA IN FABRICS, TECNO 20 16 12 8",TBD
BOSELLI & C F13,TBD
INTER JERSEY MILANO F37,TBD
OLMETEX / BRAVE BY OLMETEX F21 F23,TBD
ITALIAN CONVERTER F05,TBD
F15 F17,TBD
BRUGNOLI,TBD
F19 F12 F14,TBD
F16 F18,TBD
DELFI G27,TBD
ITTTAI - MINERVAHUB F20 G11,TBD
G13 G15,TBD
ECOPEL EUROPE G20,TBD
G17 G19,TBD
ETIQUE F10,TBD
F12 F14,TBD
F16 F18,TBD
G22 G24,TBD
JATO 1991 - MINERVAHUB F20 G11,TBD
EUROJERSEY G26 G28,TBD
G13 G15,TBD
G17 G19,TBD
FREE TIME F28 F30,TBD
LAMINTESS F27 F29,TBD
FRIZZA F38 F40,TBD
LEMAR F35,TBD
GIPITEX G40,TBD
F22 F24,TBD
F12 F14 LIMONTA F26 G21,TBD
F16 F18 G23 G25,TBD
GORETTI - MINERVAHUB F20 G11,TBD
M.I.T.I. G31,TBD
G13 G15,TBD
"G17 G19 MAJOCCHI, NT F11",TBD
GRUPPOCINQUE G33 G35,TBD
MANIFATTURE ITALIANE SCUDIERI - MECTEX DIV. F31,TBD
IMPRESA TESSILE G37,TBD
MANLY INTERLININGS F39,TBD
INNOVA FABRICS F04 MANIFATTURE ITALIANE SCUDIERI - MECTEX DIV. F31,TBD
42^ MILANO UNICA / 28,TBD
"Aggiornato al 17 dicembre 2025 / Last update December 17, 2025",TBD
"MODA IN FABRICS, TECNO 20 16 12 8",TBD
F12 F14 SITIP G08 G10,TBD
F16 F18,TBD
SOFILETA G07 G09,TBD
MINERVAHUB F20 G11,TBD
G13 G15 SWING F34 F36,TBD
G17 G19,TBD
TECHNOW F42,TBD
"MAJOCCHI, NT F11",TBD
TESSIL - NOVEX F03,TBD
OLMETEX / BRAVE BY OLMETEX F21 F23 TESSITURA VIGNETTA F06,TBD
PIAVE MAITEX F09 THERMORE - GRUPPO FISI F33,TBD
F12 F14 THINDOWN - NIPI ITALIA F32,TBD
F16 F18,TBD
F12 F14,TBD
QUAKE - MINERVAHUB F20 G11,TBD
F16 F18,TBD
G13 G15,TBD
TRAPUNTATURA BEL PUNTO - MINERVAHUB F20 G11,TBD
G17 G19,TBD
G13 G15,TBD
SERATES G32 G17 G19,TBD
JAPAN OBSERVATORY 20 16 12 8,TBD
JOB D01 KOTO FIBER ASSOCIATION,TBD
"A-GIRL'S CO., LTD.",TBD
"D03 DAICHO CO., LTD. JOB E02",TBD
"MASHI SHOKAI CO., LTD.",TBD
"BELL TEX CO., LTD. JOB B08",TBD
"KUWAMURA CO., LTD. JOB E04",TBD
BISHU WOOL COLLECTION (FDC),TBD
"MIYUKIKEORI CO., LTD. KYOCERA DOCUMENT SOLUTIONS INC. JOB F05",TBD
JOB B02,TBD
"NAKADEN KEORI CO., LTD. KYOTO TEXTILE",TBD
B04 JOB F01,TBD
"SASAKI SELLM CO., LTD. NISHIJIN TEXTILES",TBD
"TUNEKAWA-ORIMONO.CO., LTD. TANGO OPEN",TBD
"CHIKUMA & CO., LTD. JOB E06 MARUSHIN & CO., LTD. JOB F06",TBD
"OHARAYA SENI CO., LTD. JOB E07",TBD
Hall 12,TBD
"DEBS CORPORATION A38 A40 SAKAE LACE CO., LTD. JOB F04",TBD
Hall 12,TBD
"DEUX MILLE CINQ CO., LTD. JOB B07 SOALON CORPORATION C04 C06",TBD
"FUJISAKI TEXTILE CO., LTD. JOB B06",TBD
"SOJITZ FASHION CO., LTD. JOB F02",TBD
FUKUI TEXTILE MERCHANTS ASSOCIATION,TBD
JOB C06,TBD
"MEIRIN SENI CO., LTD. SPIBER INC. JOB D02",TBD
HIROSHIMA TEXTILE INDUSTRY ASSOCIATION Hall 16,TBD
"SHINOHARA TEXTILE CO., LTD. JOB E05 STYLEM TAKISADA-OSAKA CO., LTD. E03 E05",TBD
"CHUGOKU BOSHOKU CO., LTD. (Sanyo Senko Group) E07",TBD
"HOKKOH with MINAMI SUNCORONA ODA CO., LTD. JOB A07",TBD
"HOKKOH CO., LTD. JOB D05",TBD
"SUNWELL CO., LTD. JOB C08",TBD
"MINAMI CO., LTD.",TBD
"TAKIHIYO CO., LTD. JOB F08",TBD
"JAPAN BLUE CO., LTD. JOB E08",TBD
JOB C01,TBD
"JOB Next by JETRO TAKISADA-NAGOYA CO., LTD.",TBD
"CHAMBRAY CO., LTD. JOB D08",TBD
"COSMO TEXTILE CO., LTD. JOB D08 TOKI SEN-I CO., LTD. JOB D07",TBD
"CURELABO CO., LTD. JOB D06 TORAY INDUSTRIES, INC. JOB A02",TBD
"KONSHO FABRICS CO., LTD. JOB C07",TBD
"NIHON SANMO DYEING CO., LTD. JOB D04 TORAY INDUSTRIES, INC. Ultrasuede Dept. JOB A06",TBD
"MITSUMASA TEXTILE-MAYFIS JOB C05 TORAY INTERNATIONAL, INC. JOB A04",TBD
"SEIWA DAIICHI SANGYO CO., LTD. JOB C05",TBD
TORAY SYNTHETIC TEXTILE CLUSTER,TBD
"TOYOTASHIGYO CO., LTD. JOB D04",TBD
"FUKUI TATEAMI CO., LTD.",TBD
UEYAMA TEXTILE INC. JOB D06,TBD
"YUMETEX CO., LTD. JOB C07 KOMATSU MATERE CO., LTD. JOB A01",TBD
KAJIRENE INC. A03 A05,TBD
"KANEMASA KNITTING CO., LTD. JOB B05 MARUI ORIMONO CO., LTD.",TBD
"MUTSUMI TEXTILES CO., LTD.",TBD
Hall 12,TBD
"KOMATSU MATERE CO., LTD. G34 G36 JOB E01",TBD
"UNI TEXTILE CO., LTD.",TBD
G38 E03,TBD
42^ MILANO UNICA / 29,TBD
"Aggiornato al 17 dicembre 2025 / Last update December 17, 2025",TBD
KOREA OBSERVATORY 20 16 12 8,TBD
AM COMPANY KOB B05 LEEUM INTERNATIONAL KOB C03,TBD
"DAECHUN CO., LTD. KOB C01 NAMYANG WOOLEN FABRIC CO., LTD. KOB B04",TBD
"DK&D CO., LTD. (DOORIM) KOB C07 SEOJIN TEXTILE CO., LTD. KOB A06",TBD
"DONG-A T.O.L KOB B08 SHINJINTEX CO., LTD. KOB A07",TBD
"DUREAM CO., LTD. KOB A03 SILKYTEX - KOREA SILKROAD KOB C06",TBD
"FROG KOB A04 TEXEVER PLUS CO., LTD. KOB C05",TBD
FRONTIER TEXTILE KOB A05 TOC (TaeOh Corporation) KOB B06,TBD
"HANA CO., LTD. KOB A02 VISIONWORLD KOB B03",TBD
HEYONE CORPORATION KOB B01 YAKIN KOB C08,TBD
"JM INC. LTD. KOB A08 YESUNG TEXTILE CO., LTD. KOB B07",TBD
"KOOJOO FABRIC CO., LTD. KOB B02 YJ GLOBAL KOB A01",TBD
INNOVATION AREA 20 16 12 8,TBD
2 A - NYGUARD - NYSAS IN06 MAB IN08,TBD
CENTROCOT IN03 NOVARESIN IN04,TBD
CITTADINI IN15 PA EXPERTISE IN10,TBD
DOWN CREATORS IN07 PAYEN IN11,TBD
ESCHLER IN09 PENN SOLUTIONS IN01,TBD
HYOSUNG EUROPE IN13 TIBA TRICOT IN05,TBD
IMBOTEX IN14 WINDTEX VAGOTEX IN02,TBD
JRC REFLEX IN12,TBD
MAREdiMODA 20 16 12 8,TBD
AGRABA MdM 03 MUEHLMEIER BODYSHAPING MdM 01,TBD
BELLIENI MdM 09 OKTEX DEL PUNTO MdM 02,TBD
ESTILMAR MdM 08 TAIANA MdM 05,TBD
EUROFINISS MdM 06 MdM 11,TBD
THE LYCRA COMPANY,TBD
MdM 12,TBD
FREEMAN MdM 07,TBD
VITRANI MdM 10,TBD
ILUNA GROUP MdM 04,TBD
42^ MILANO UNICA / 30,TBD
"Aggiornato al 17 dicembre 2025 / Last update December 17, 2025",TBD
STARTUP TEXTILE CONNECTION 20 16 12 8,TBD
CDC STUDIO ST04 PULVERA ST05,TBD
FAIRLY MADE ST03 REFABRIC ST01,TBD
MUSTHAD ST06 ZEROW ST02,TBD
MU DESIGNERS 20 16 12 8,TBD
ANTEPRIMA DISEGNI DESIGN04 IVANA MONGUZZI DESIGN11,TBD
BERNINI STUDIO DESIGN10 LETI. DESIGN03,TBD
BLUE STUDIO DESIGN01 LINEASTUDIO DESIGN09,TBD
BOGGIA DISEGNI DESIGN08 MR. GRIEVES ORIGINALS DESIGN05,TBD
CRÉATIONS ROBERT VERNET DESIGN07 RICCARDO RAMI STUDIO DESIGN12,TBD
ELEONORA CLERICI DESIGN06 SUPERSTUDIO DESIGN02,TBD
MU VINTAGE 20 16 12 8,TBD
A.N.G.E.L.O. VINTAGE04 STREET DOING VINTAGE FIRENZE VINTAGE02,TBD
PLUS VENTURINO ARCHIVI VINTAGE01 VINTAGE DELIRIUM / FRANCO JACASSI VINTAGE03,TBD
MU INFO & STYLE 20 16 12 8,TBD
CARPI FASHION SYSTEM DESK18 PECLERS PARIS DESK06,TBD
COLORSYSTEM DESK17 RELIVETEX® BY MAEBA DESK16,TBD
FASHION ROOM DESK19 YMPACT DESK13,TBD
FEDERAZIONE TESSILIVARI DESK15,TBD
42^ MILANO UNICA / 31,TBD
"Aggiornato al 17 dicembre 2025 / Last update December 17, 2025",TBD
MU TRADE PRESS 20 16 12 8,TBD
A.M.P. DESK14 LEATHER&LUXURY DESK09,TBD
ASIAN TEXTILE BUSINESS DESK14 LINGERIE MAGAZINE DESK14,TBD
BEYOND THE MAGAZINE DESK04 MPA_STYLE DESK10,TBD
FAIRCHILD PUBLISHING DESK08 TEXTILWIRTSCHAFT DESK07,TBD
FASHION VALUE CHAIN DESK14 TEXTURES DESK12,TBD
FASHIONJOBS.COM B10 THE TSL GAZETTE DESK03,TBD
INTIMA MEDIA GROUP DESK05 VIEW DESK01,TBD
LA SPOLA DESK11 ZOOM ON FASHION TRENDS - SUPERZOOM DESK02,TBD
MU SPECIAL CONTENTS 20 16 12 8,TBD
ALLIANCE FOR EUROPEAN FLAX - LINEN & HEMP Hall 20 B10 LAURETANA Hall 16 A21,TBD
CONFINDUSTRIA MODA Hall 8 DESK 20 NEXTCOUTURE Hall 12 B20,TBD
COTTON EGYPT ASSOCIATION Hall 20 B12 NONA SOURCE Hall 8 D01,TBD
ITS TAM BIELLA Hall 20 D09 SUPIMA Hall 20 A13,TBD
LAURETANA Hall 12 A21 UK FASHION & TEXTILE ASSOCIATION Hall 20 B20,TBD
42^ MILANO UNICA / 32,TBD
"Aggiornato al 17 dicembre 2025 / Last update December 17, 2025",TBD
