name,info
Consenso,Consenso
Dettagli,Dettagli
[#IABV2SETTINGS#],[#IABV2SETTINGS#]
Informazioni sui cookie,Informazioni sui cookie
Informativa Privacy,Informativa Privacy
Mostra dettagli,Mostra dettagli
Cookiebot1,Cookiebot1
Per saperne di pi첫 su questo fornitore,Per saperne di pi첫 su questo fornitore
e.milanounica.it4,e.milanounica.it4
Google4,Google4
Per saperne di pi첫 su questo fornitore,Per saperne di pi첫 su questo fornitore
analytics-milanounica.evelean.com2,analytics-milanounica.evelean.com2
Consenso interdominio[#BULK_CONSENT_DOMAINS_COUNT#],Consenso interdominio[#BULK_CONSENT_DOMAINS_COUNT#]
Cookiebot,Cookiebot
Informativa Cookie,Informativa Cookie
Informativa sulla Privacy,Informativa sulla Privacy
Milano Unica,Milano Unica
Tendenze,Tendenze
e-MilanoUnica Connect,e-MilanoUnica Connect
MU42 Exhibitors,MU42 Exhibitors
MU42 Inspirations,MU42 Inspirations
Login,Login
View Agents MU42 list,View Agents MU42 list
Print the full list,Print the full list
Print your selection,Print your selection
Cookie policy,Cookie policy
Privacy policy,Privacy policy
